"grupo","cluster","origem","termo","posicao_mobile","impressoes_mobile","posicao_desktop","impressoes_desktop","posicao","impressoes","cliques","no_top10"
"GRU","preco","placar","estacionamento aeroporto guarulhos preço","13.00","6","48.93","74","46.24","80","0","nao"
"GRU","barato","placar","qual o estacionamento mais barato no aeroporto de guarulhos","","0","","0","","0","0","nao"
"GRU","proximidade","placar","estacionamento mais próximo do aeroporto de guarulhos","39.70","10","34.87","47","35.72","57","0","nao"
"GRU","cabeca","cabeca","estacionamento aeroporto guarulhos","20.16","172","23.37","268","22.05","447","5","nao"
"GRU","cabeca","cabeca","estacionamento guarulhos","15.32","244","32.57","199","22.99","446","4","nao"
"GRU","proximidade","cabeca","estacionamento próximo aeroporto guarulhos","32.50","30","46.83","124","44.04","154","1","nao"
"GRU","proximidade","cabeca","estacionamento próximo ao aeroporto de guarulhos","26.89","18","47.55","47","41.83","65","0","nao"
"GRU","proximidade","cabeca","estacionamento perto do aeroporto de guarulhos","27.18","11","37.56","54","35.80","65","0","nao"
"GRU","barato","cabeca","estacionamento aeroporto guarulhos barato","8.43","30","42.26","65","31.58","95","0","nao"
"GRU","barato","cabeca","estacionamento aeroporto guarulhos mais barato","10.31","36","48.70","27","26.76","63","0","nao"
"GRU","barato","cabeca","estacionamento barato guarulhos","8.13","8","32.17","23","25.97","31","0","nao"
"GRU","preco","cabeca","diaria estacionamento guarulhos","10.56","43","26.33","39","18.06","82","0","nao"
"GRU","preco","cabeca","diaria aeroporto guarulhos","11.27","49","27.70","77","21.31","126","0","nao"
"GRU","preco","cabeca","preço estacionamento guarulhos","11.33","9","47.74","81","44.10","90","1","nao"
"GRU","preco","cabeca","valor estacionamento no aeroporto de guarulhos","52.10","21","50.72","39","51.20","60","0","nao"
"VCP","preco","placar","quanto custa estacionar em viracopos","","0","","0","","0","0","nao"
"VCP","barato","placar","qual o estacionamento mais barato em viracopos","","0","","0","","0","0","nao"
"VCP","proximidade","placar","estacionamento mais próximo de viracopos","","0","","0","","0","0","nao"
"VCP","cabeca","cabeca","estacionamento viracopos","8.31","2357","12.42","1265","9.75","3631","56","sim"
"VCP","cabeca","cabeca","estacionamento aeroporto viracopos","9.20","1990","14.50","790","10.69","2789","32","nao"
"VCP","proximidade","cabeca","estacionamento perto de viracopos","5.74","31","43.28","53","29.43","84","1","nao"
"VCP","proximidade","cabeca","estacionamento próximo aeroporto viracopos","7.00","45","28.87","61","19.58","106","3","nao"
"VCP","proximidade","cabeca","estacionamento dentro do aeroporto viracopos","7.85","94","18.60","10","8.88","104","1","sim"
"VCP","proximidade","cabeca","estacionamento perto do aeroporto de campinas","6.78","37","35.80","59","24.61","96","1","nao"
"VCP","barato","cabeca","estacionamento viracopos barato","9.68","44","11.25","4","9.84","49","0","sim"
"VCP","barato","cabeca","estacionamento viracopos mais barato","9.95","19","7.38","8","9.19","27","0","sim"
"VCP","preco","cabeca","estacionamento viracopos preço","11.57","100","32.63","112","22.59","213","0","nao"
"VCP","preco","cabeca","valor estacionamento aeroporto viracopos","9.39","49","26.05","78","19.62","127","1","nao"
"VCP","preco","cabeca","diaria estacionamento viracopos","10.29","65","27.79","42","17.16","107","3","nao"
"CNF","preco","placar","quanto custa estacionar em confins","","0","","0","","0","0","nao"
"CNF","barato","placar","qual o estacionamento mais barato em confins","","0","","0","","0","0","nao"
"CNF","proximidade","placar","estacionamento mais próximo do aeroporto de confins","10.00","1","","0","10.00","1","0","nao"
"CNF","preco","ataque-cnf","estacionamento aeroporto confins preço","11.05","22","18.81","16","14.32","38","0","nao"
"CNF","melhor","ataque-cnf","melhor estacionamento aeroporto confins","6.00","2","3.00","1","5.00","3","0","nao"
"CNF","desconto","ataque-cnf","estacionamento aeroporto confins desconto azul","","0","","0","","0","0","nao"
"CNF","cabeca","ataque-cnf","estacionamento aeroporto confins","10.87","298","12.57","286","11.77","587","8","nao"
"CNF","preco","ataque-cnf","valor do estacionamento no aeroporto de confins","9.91","64","9.57","7","9.87","71","0","sim"
"CNF","preco","ataque-cnf","diaria estacionamento aeroporto de confins","11.02","56","6.48","33","9.34","89","2","sim"
"CNF","preco","ataque-cnf","qual o valor do estacionamento no aeroporto de confins","10.79","19","","0","10.79","19","0","nao"
"CNF","preco","ataque-cnf","quanto custa o estacionamento do aeroporto de confins","10.52","27","10.50","4","10.52","31","0","nao"
"CNF","cabeca","cabeca","estacionamento confins","12.02","93","11.88","112","11.94","205","3","nao"
"CNF","proximidade","cabeca","estacionamento dentro do aeroporto de confins","8.13","142","11.75","61","9.22","203","5","sim"
"CNF","proximidade","cabeca","estacionamento perto do aeroporto de confins","10.10","20","9.90","10","10.03","30","1","nao"
"CNF","barato","cabeca","estacionamento aeroporto confins mais barato","12.69","123","10.90","68","12.05","191","4","nao"
"CNF","preco","cabeca","valor estacionamento aeroporto confins","10.84","100","9.78","23","10.64","123","3","nao"
"CWB","preco","placar","quanto custa estacionar no aeroporto afonso pena","","0","","0","","0","0","nao"
"CWB","barato","placar","qual o estacionamento mais barato no afonso pena","","0","","0","","0","0","nao"
"CWB","proximidade","placar","estacionamento mais próximo do afonso pena","","0","","0","","0","0","nao"
"CWB","cabeca","cabeca","estacionamento aeroporto curitiba","11.21","2390","13.71","828","11.85","3224","48","nao"
"CWB","cabeca","cabeca","estacionamento aeroporto afonso pena","9.93","954","12.99","380","10.80","1338","24","nao"
"CWB","proximidade","cabeca","estacionamento próximo aeroporto afonso pena","9.03","60","23.49","47","15.38","107","2","nao"
"CWB","proximidade","cabeca","estacionamento próximo ao aeroporto curitiba","8.13","40","13.83","24","10.27","64","2","nao"
"CWB","proximidade","cabeca","estacionamento perto do aeroporto de curitiba","5.85","20","8.50","6","6.46","26","1","sim"
"CWB","barato","cabeca","estacionamento aeroporto curitiba barato","8.76","79","18.75","32","11.64","111","2","nao"
"CWB","barato","cabeca","estacionamento mais barato aeroporto curitiba","8.86","21","9.00","5","8.88","26","2","sim"
"CWB","preco","cabeca","valor estacionamento aeroporto curitiba","10.55","179","7.84","25","10.22","204","1","nao"
"CWB","preco","cabeca","estacionamento aeroporto curitiba preço","11.11","18","36.89","37","28.45","55","1","nao"
"CWB","preco","cabeca","preço estacionamento aeroporto afonso pena","10.71","24","42.96","23","26.49","47","1","nao"
"CWB","preco","cabeca","diaria estacionamento aeroporto de curitiba","10.06","31","10.05","19","10.04","51","0","nao"
"CGH","cabeca","controle","estacionamento aeroporto congonhas","10.85","2192","13.56","891","11.63","3093","36","nao"
"CGH","proximidade","controle","estacionamento perto do aeroporto de congonhas","8.06","145","22.63","60","12.33","205","4","nao"
"CGH","preco","controle","estacionamento congonhas preço","9.28","83","34.20","71","20.77","154","1","nao"
"MARCA","marca","marca","virapark","4.08","2304","3.44","1263","3.85","3574","63","sim"
"MARCA","marca","marca","virapark campinas","5.15","1820","3.57","310","4.92","2132","23","sim"
"MARCA","marca","marca","ponce park","8.83","797","6.50","534","7.90","1332","1","sim"
"MARCA","marca","marca","ponce park guarulhos","8.54","431","6.07","219","7.71","652","0","sim"
"MARCA","marca","marca","urban park","8.29","448","7.22","384","7.80","832","1","sim"
"MARCA","marca","marca","urbanpark","8.60","25","7.76","72","7.98","97","0","sim"
"MARCA","marca","marca","estacionamento urban park guarulhos","8.77","308","7.13","70","8.47","378","0","sim"
"MARCA","marca","marca","bepark","5.53","354","3.80","172","4.96","527","7","sim"
"MARCA","marca","marca","be park confins","5.89","211","6.13","62","5.93","275","0","sim"
