"pagina","aeroporto","cliques","impressoes","ctr","posicao"
"https://movepark.co/estacionamentos/aeroporto-viracopos/virapark-estacionamento-viracopos/","VCP","2356","235518","1.00","9.65"
"https://movepark.co/estacionamentos/aeroporto-recife/aero-park-estacionamento-aeroporto-recife/","","1368","36366","3.76","10.55"
"https://movepark.co/estacionamentos/aeroporto-recife/","","1152","26886","4.28","9.83"
"https://movepark.co/estacionamentos/aeroporto-viracopos/","VCP","1085","41670","2.60","14.41"
"https://movepark.co/","","933","33626","2.77","8.93"
"https://movepark.co/blog/top-3-estacionamentos-do-aeroporto-de-navegantes/","","912","43210","2.11","8.12"
"https://movepark.co/blog/preco-estacionamento-aeroporto-afonso-pena-curitiba-saiba-tudo-aqui/","CWB","891","68623","1.30","9.15"
"https://movepark.co/estacionamentos/aeroporto-viracopos/garage-inn-aeroporto-viracopos/","VCP","884","108261","0.82","8.56"
"https://movepark.co/estacionamentos/aeroporto-afonso-pena/estacionamento-aeroporto-afonso-pena-curitiba/","CWB","715","70636","1.01","8.88"
"https://virapark.movepark.co/","","612","132387","0.46","5.10"
"https://movepark.co/estacionamentos/aeroporto-santos-dumont-rio/bh-park-estacionamento-aeroporto-santos-dumont/","","532","10246","5.19","8.67"
"https://movepark.co/estacionamentos/aeroporto-congonhas/congonhas-park-cgh/","","529","16816","3.15","14.49"
"https://movepark.co/blog/top-3-estacionamentos-do-aeroporto-de-congonhas/","","513","51303","1.00","11.61"
"https://movepark.co/blog/estacionamento-aeroporto-viracopos-vcp-guia-completo-com-precos-opcoes-e-a-melhor-escolha-economica/","VCP","451","73491","0.61","8.88"
"https://movepark.co/estacionamentos/aeroporto-afonso-pena/","CWB","407","26096","1.56","10.53"
"https://movepark.co/blog/top-3-estacionamentos-do-aeroporto-de-curitiba/","CWB","359","26595","1.35","8.88"
"https://movepark.co/estacionamentos/aeroporto-afonso-pena/abba-park-estacionamento-aeroporto-afonso-pena/","CWB","333","38134","0.87","8.58"
"https://movepark.co/estacionamentos/aeroporto-santos-dumont-rio/","","283","13278","2.13","12.39"
"https://movepark.co/estacionamentos/terminal-rodoviario-tiete/aerovalet-tiete-terminal-rodoviario-tiete/","","276","37513","0.74","9.48"
"https://movepark.co/estacionamentos/aeroporto-guarulhos/aeropark-guarulhos/","GRU","257","52075","0.49","7.86"
"https://garageinn.movepark.co/pt-br/aeroporto-viracopos/vaga-avulsa?utm_source=google-meu-negocio&utm_medium=referral&utm_campaign=reservaonline","VCP","250","82618","0.30","7.65"
"https://movepark.co/estacionamentos/aeroporto-guarulhos/","GRU","243","46825","0.52","24.48"
"https://movepark.co/estacionamentos/aeroporto-congonhas/","","235","14150","1.66","29.70"
"https://movepark.co/blog/top-3-estacionamentos-do-aeroporto-de-confins/","CNF","209","25241","0.83","9.69"
"https://movepark.co/blog/guia-atualizado-5-melhores-opcoes-de-estacionamento-no-aeroporto-guarulhos-em-2024/","GRU","198","24013","0.82","32.63"
"https://movepark.co/estacionamentos/aeroporto-congonhas/grand-parking-estacionamento-aeroporto-congonhas/","","196","22470","0.87","13.67"
"https://virapark.movepark.co/pt-br/virapark/vaga-avulsa","","182","149879","0.12","8.99"
"https://movepark.co/estacionamento/express-parking/","","153","20016","0.76","11.97"
"https://movepark.co/estacionamentos/aeroporto-joao-pessoa/","","151","15545","0.97","9.46"
"https://movepark.co/estacionamentos/aeroporto-confins/be-park-estacionamento-aeroporto-confins/","CNF","130","36155","0.36","11.22"
"https://aeropark.movepark.co/","","122","22992","0.53","8.31"
"https://movepark.co/estacionamentos/aeroporto-congonhas/mobi-city-cgh/","","121","20345","0.59","7.70"
"https://movepark.co/blog/preco-estacionamento-aeroporto-navegantes-saiba-tudo-aqui/","","120","11994","1.00","8.01"
"https://movepark.co/blog/onde-deixar-o-carro-estacionado-em-viracopos/","VCP","107","10626","1.01","13.34"
"https://garageinn.movepark.co/","","106","20811","0.51","6.89"
"https://movepark.co/estacionamentos/","","103","11458","0.90","11.45"
"https://movepark.co/estacionamentos/aeroporto-maceio/","","97","6246","1.55","11.11"
"https://movepark.co/estacionamentos/aeroporto-confins/premium-park-estacionamento-aeroporto-confins/","CNF","95","26284","0.36","9.25"
"https://abbapark.movepark.co/","","94","14315","0.66","5.26"
"https://movepark.co/estacionamentos/aeroporto-guarulhos/econopark-gru/","GRU","85","19452","0.44","6.80"
"https://movepark.co/estacionamentos/aeroporto-congonhas/aerovalet-congonhas-estacionamento-aeroporto-congonhas/","","78","5469","1.43","11.43"
"https://movepark.co/blog/quais-os-melhores-estacionamentos-do-aeroporto-viracopos-em-2024/","VCP","70","12190","0.57","11.13"
"https://movepark.co/estacionamentos/aeroporto-guarulhos/decolar-park-gru/","GRU","70","32570","0.21","6.93"
"https://movepark.co/blog/estacionamento-proximo-do-aeroporto-guarulhos-as-melhores-opcoes/","GRU","69","8751","0.79","31.85"
"https://movepark.co/blog/onde-estacionar-proximo-ao-aeroporto-de-viracopos/","VCP","68","9300","0.73","14.32"
"https://movepark.co/estacionamentos/aeroporto-congonhas/plenty-park/","","67","6550","1.02","7.56"
"https://movepark.co/estacionamentos/aeroporto-brasilia/","","61","7752","0.79","20.80"
"https://movepark.co/blog/preco-estacionamento-aeroporto-guarulhos-saiba-tudo-aqui/","GRU","59","27976","0.21","16.93"
"https://movepark.co/estacionamentos/aeroporto-confins/central-park-confins-estacionamento-aeroporto-confins/","CNF","58","17894","0.32","10.74"
"https://movepark.co/estacionamentos/aeroporto-congonhas/one-parking-estacionamento-aeroporto-congonhas/","","58","5025","1.15","9.98"
"https://movepark.co/estacionamentos/aeroporto-londrina/","","57","2851","2.00","13.43"
"https://movepark.co/estacionamentos/aeroporto-rio-galeao/","","55","6063","0.91","40.21"
"https://movepark.co/estacionamentos/aeroporto-rio-galeao/estapar-estacionamento-aeroporto-galeao/","","54","6932","0.78","17.23"
"https://virapark.movepark.co/login","","52","25528","0.20","7.53"
"https://aeropark.movepark.co/aeroporto-guarulhos/vaga-coberta","GRU","49","21223","0.23","7.86"
"https://movepark.co/estacionamentos/aeroporto-cuiaba/","","49","2884","1.70","11.79"
"https://movepark.co/blog/guia-completo-dos-estacionamentos-proximos-ao-aeoroporto-de-confins/","CNF","43","14838","0.29","13.13"
"https://movepark.co/blog/qual-o-melhor-estacionamento-no-aeroporto-de-viracopos-guia-completo-para-economizar-e-viajar-com-tranquilidade/","VCP","43","9985","0.43","9.56"
"https://movepark.co/estacionamentos/aeroporto-confins/estacionamento-patio-confins/","CNF","43","13364","0.32","12.52"
"https://movepark.co/estacionamentos/aeroporto-congonhas/arai-park-cgh/","","43","7449","0.58","6.86"
"https://movepark.co/estacionamentos/aeroporto-navegantes/prime-estacionamento-aeroporto-navegantes/","","41","4553","0.90","10.38"
"https://movepark.co/estacionamentos/rio-de-janeiro/move-parking-nova-iguacu/","","41","3227","1.27","8.12"
"https://movepark.co/estacionamentos/aeroporto-guarulhos/aerovalet-estacionamento-aeroporto-guarulhos/","GRU","40","4085","0.98","7.51"
"https://movepark.co/blog/como-pagar-mais-barato-no-estacionamento-do-aeroporto-viracopos-em-2024/","VCP","39","1980","1.97","19.16"
"https://movepark.co/blog/guia-completo-tudo-o-que-voce-deveria-saber-sobre-o-aeroporto-de-lisboa/","","39","45731","0.09","11.90"
"https://movepark.co/blog/tudo-sobre-o-aeroporto-de-confins-guia-completo/","CNF","39","16955","0.23","9.62"
"https://movepark.co/estacionamentos/aeroporto-salgado-filho/","","39","2149","1.81","28.87"
"https://movepark.co/blog/qual-e-o-melhor-estacionamento-do-aeroporto-de-viracopos/","VCP","37","5645","0.66","16.12"
"https://plenty.movepark.co/","","36","3308","1.09","7.73"
"https://movepark.co/estacionamentos/terminal-rodoviario-tiete/","","35","6260","0.56","16.32"
"https://movepark.co/blog/melhor-estacionamento-aeroporto-guarulhos-guia-completo-para-escolher-com-seguranca-economia-e-conforto/","GRU","34","9803","0.35","16.36"
"https://movepark.co/blog/estacionamento-vcp-onde-deixar-o-carro-em-viracopos-sem-dor-de-cabeca/","VCP","32","6049","0.53","11.13"
"https://movepark.co/blog/guia-completo-dos-estacionamentos-proximos-ao-aeroporto-de-congonhas/","","32","9042","0.35","23.93"
"https://movepark.co/blog/qual-e-o-valor-da-diaria-estacionamento-aeroporto-guarulhos/","GRU","32","12072","0.27","23.95"
"https://movepark.co/estacionamentos/aeroporto-confins/","CNF","32","6402","0.50","26.07"
"https://movepark.co/estacionamentos/aeroporto-confins/aeropark-confins-estacionamento-aeroporto-confins/","CNF","30","9829","0.31","12.57"
"https://movepark.co/blog/aeroporto-afonso-pena-5-melhores-opcoes-de-estacionamento-em-2024/","CWB","28","29163","0.10","17.50"
"https://movepark.co/estacionamentos/aeroporto-viracopos/bandeira-park/","VCP","28","21977","0.13","9.63"
"https://aerovalet.movepark.co/","","27","2562","1.05","6.71"
"https://movepark.co/blog/estacionamento-aeroporto-guarulhos-gru-economia-recorde-seguranca-e-translado-gratuito-com-a-move-park/","GRU","25","5548","0.45","9.92"
"https://movepark.co/faq/quanto-custa-estacionar-no-aeroporto-santos-dumont","","25","337","7.42","8.55"
"https://virapark.movepark.co/virapark/vaga-avulsa","","25","10097","0.25","8.58"
"https://movepark.co/pt/estacionamento-proximo-do-aeroporto-guarulhos-as-melhores-opcoes/","GRU","24","11223","0.21","32.47"
"https://movepark.co/faq/quanto-custa-estacionar-no-aeroporto-de-brasilia","","23","1248","1.84","8.59"
"https://movepark.co/pt/","","23","2869","0.80","12.25"
"https://movepark.co/blog/quanto-custa-deixar-o-carro-no-aeroporto-viracopos-por-7-dias/","VCP","22","3639","0.60","17.74"
"https://movepark.co/blog/estacionamento-gru-airport-guia-completo-para-parar-seu-carro-com-tranquilidade/","GRU","20","6997","0.29","31.35"
"https://movepark.co/blog/guia-completo-sobre-o-aeroporto-de-guarulhos/","GRU","20","6235","0.32","11.80"
"https://movepark.co/faq/quanto-custa-estacionar-no-aeroporto-do-recife","","20","849","2.36","8.54"
"https://movepark.co/pt/estacionamentos/lisboa/skypark-estacionamento-aeroporto-lisboa/","","20","15918","0.13","43.19"
"https://movepark.co/blog/por-que-o-virapark-se-destaca-como-melhor-estacionamento-do-aeroporto-campinas/","VCP","19","8344","0.23","9.32"
"https://movepark.co/blog/estacionamento-barato-aeroporto-curitiba/","CWB","18","2549","0.71","16.98"
"https://movepark.co/blog/onde-estacionar-o-carro-no-aeroporto-de-guarulhos/","GRU","18","5863","0.31","27.50"
"https://movepark.co/estacionamentos/aeroporto-afonso-pena/connect-park-aeroporto-afonso-pena","CWB","17","167","10.18","4.66"
"https://movepark.co/blog/onde-estacionar-proximo-ao-aeroporto-de-lisboa-guia-completo-para-viajantes/","","15","27307","0.05","55.87"
"https://movepark.co/p/garageinn/aeroporto-viracopos/avulsa","VCP","15","313","4.79","9.02"
"https://movepark.co/blog/estacionamento-aeroporto-viracopos-como-reservar-antecipadamente-e-garantir-sua-vaga/","VCP","14","4178","0.34","26.00"
"https://movepark.co/pt/qual-e-o-valor-da-diaria-estacionamento-aeroporto-guarulhos/","GRU","14","8754","0.16","22.87"
"https://movepark.co/blog/as-melhores-estrategias-para-economizar-no-estacionamento-do-aeroporto-de-guarulhos/","GRU","13","2601","0.50","41.63"
"https://movepark.co/estacionamentos/aeroporto-guarulhos/flypark-gru/","GRU","13","6547","0.20","11.24"
"https://movepark.co/estacionamentos/aeroporto-viracopos/yellow-parking/","VCP","13","15709","0.08","10.67"
"https://movepark.co/estacionamentos/aeroporto-confins/park-confins-estacionamento-aeroporto-confins/","CNF","12","2736","0.44","29.09"
"https://movepark.co/blog/aeroporto-afonso-pena-confira-o-guia-completo-para-sua-viagem/","CWB","11","47992","0.02","12.52"
"https://movepark.co/blog/garanta-desconto-no-estacionamento-do-aeroporto-viracopos-com-a-movepark/","VCP","11","798","1.38","15.23"
"https://movepark.co/blog/top-5-melhores-estacionamentos-aeroporto-viracopos/","VCP","11","742","1.48","9.15"
"https://movepark.co/pt/o-sistema/","","11","1325","0.83","20.82"
"https://movepark.co/blog/valor-de-diaria-estacionamento-aeroporto-guarulhos/","GRU","10","11961","0.08","44.89"
"https://movepark.co/faq/qual-o-estacionamento-mais-barato-perto-do-aeroporto-santos-dumont","","10","234","4.27","10.67"
"https://movepark.co/blog/conheca-o-estacionamento-mais-proximo-do-aeroporto-afonso-pena-em-2024/","CWB","9","5038","0.18","14.58"
"https://movepark.co/blog/qual-e-o-preco-medio-do-estacionamento-no-aeroporto-guarulhos/","GRU","9","4607","0.20","45.37"
"https://skypark.movepark.co/","","9","2050","0.44","21.22"
"https://movepark.co/blog/qual-o-valor-da-diaria-do-estacionamento-no-aeroporto-viracopos-2024/","VCP","8","2140","0.37","23.28"
"https://movepark.co/destinos/aeroporto-afonso-pena","CWB","8","566","1.41","11.72"
"https://movepark.co/destinos/aeroporto-internacional-do-recife-guararapes","","8","343","2.33","10.13"
"https://movepark.co/estacionamentos/aeroporto-de-congonhas/congonhas-park-aeroporto-congonhas","","8","320","2.50","19.18"
"https://movepark.co/estacionamentos/aeroporto-guarulhos/urban-park-estacionamento-aeroporto-guarulhos-cumbica/","GRU","8","14968","0.05","17.39"
"https://movepark.co/faq/quanto-custa-estacionar-no-aeroporto-de-salvador","","8","558","1.43","9.14"
"https://movepark.co/estacionamentos/aeroporto-guarulhos/parkindigo-estacionamento-aeroporto-guarulhos/","GRU","7","8339","0.08","44.10"
"https://movepark.co/estacionamentos/aeroporto-internacional-do-recife-guararapes/talentos-park-aeroporto-recife","","7","71","9.86","3.86"
"https://movepark.co/estacionamentos/rio-de-janeiro/","","7","696","1.01","14.29"
"https://movepark.co/faq/qual-o-estacionamento-mais-barato-perto-do-aeroporto-de-brasilia","","7","198","3.54","11.15"
"https://movepark.co/faq/quanto-custa-estacionar-no-aeroporto-do-galeao","","7","1056","0.66","9.39"
"https://movepark.co/p/virapark/virapark/covered","","7","1083","0.65","11.04"
"https://movepark.co/pt/estacionamento-aeroporto-guarulhos-veja-o-preco-dos-principais-estacionamentos/","GRU","7","4219","0.17","38.69"
"https://movepark.co/blog/aeroporto-de-congonhas-informacoes-completas/","","6","2627","0.23","18.77"
"https://movepark.co/blog/guia-completo-descubra-o-melhor-do-aeroporto-viracopos/","VCP","6","5279","0.11","12.49"
"https://movepark.co/blog/guia-completo-estacionamento-aeroporto-viracopos-2026-precos-seguranca-e-economia/","VCP","6","1561","0.38","7.99"
"https://movepark.co/destinos/aeroporto-de-vitoria","","6","446","1.35","9.94"
"https://movepark.co/faq/quanto-custa-estacionar-no-aeroporto-de-londrina","","6","126","4.76","7.00"
"https://movepark.co/faq/quanto-custa-estacionar-no-aeroporto-de-teresina","","6","76","7.89","5.01"
"https://nationpark.movepark.co/","","6","1409","0.43","7.26"
"https://virapark.movepark.co/pt-br/virapark/vaga-avulsa/vehicle","","6","577","1.04","8.33"
"https://aerovalet.movepark.co/aeroporto-congonhas/vaga-coberta-cgh","","5","1287","0.39","8.80"
"https://movepark.co/blog/conheca-os-5-principais-estacionamentos-no-aeroporto-de-guarulhos-em-2023/","GRU","5","5307","0.09","66.15"
"https://movepark.co/blog/melhores-opcoes-de-estacionamento-gru-airport/","GRU","5","12099","0.04","54.70"
"https://movepark.co/destinos/aeroporto-de-brasilia","","5","455","1.10","10.66"
"https://movepark.co/destinos/aeroporto-de-joao-pessoa","","5","270","1.85","7.66"
"https://movepark.co/destinos/aeroporto-de-viracopos","VCP","5","265","1.89","28.89"
"https://movepark.co/estacionamentos/aeroporto-guarulhos/aeroparking-gru/","GRU","5","2265","0.22","26.06"
"https://movepark.co/estacionamentos/aeroporto-guarulhos/viaje-park-gru/","GRU","5","6285","0.08","11.74"
"https://movepark.co/faq/o-estacionamento-no-santos-dumont-oferece-traslado-ate-o-terminal","","5","223","2.24","12.86"
"https://movepark.co/faq/quanto-custa-estacionar-no-aeroporto-salgado-filho","","5","604","0.83","8.41"
"https://movepark.co/o-sistema/","","5","950","0.53","22.51"
"https://movepark.co/pt/estacionamentos/","","5","554","0.90","27.21"
"https://garageinn.movepark.co/login","","4","294","1.36","11.01"
"https://movepark.co/blog/como-pagar-mais-barato-no-estacionamento-do-aeroporto-guarulhos/","GRU","4","2262","0.18","32.03"
"https://movepark.co/blog/estacionamento-aeroporto-curitiba-cwb-a-solucao-economica-e-segura-com-a-move-park/","CWB","4","564","0.71","14.56"
"https://movepark.co/blog/onde-deixar-meu-carro-em-aeroporto-guarulhos/","GRU","4","1611","0.25","9.56"
"https://movepark.co/blog/qual-o-valor-da-diaria-do-estacionamento-no-aeroporto-guarulhos/","GRU","4","2521","0.16","61.27"
"https://movepark.co/blog/seu-guia-definitivo-para-uma-partida-descomplicada-dicas-valiosas-do-aeroporto-de-guarulhos/","GRU","4","1678","0.24","11.75"
"https://movepark.co/destinos/aeroporto-de-cuiaba","","4","148","2.70","8.72"
"https://movepark.co/estacionamentos/aeroporto-de-congonhas/grand-parking-aeroporto-congonhas","","4","232","1.72","6.04"
"https://movepark.co/estacionamentos/aeroporto-do-galeao/rl-estacionamentos-aeroporto-galeao","","4","66","6.06","21.41"
"https://movepark.co/estacionamentos/aeroporto-navegantes/","","4","625","0.64","26.63"
"https://movepark.co/estacionamentos/campinas/virapark-estacionamento-viracopos/","VCP","4","358","1.12","12.66"
"https://movepark.co/faq/qual-o-estacionamento-mais-barato-perto-do-aeroporto-de-salvador","","4","71","5.63","9.94"
"https://movepark.co/faq/qual-o-estacionamento-mais-barato-perto-do-aeroporto-do-recife","","4","760","0.53","10.49"
"https://movepark.co/faq/quanto-custa-estacionar-no-aeroporto-de-congonhas","","4","538","0.74","18.61"
"https://movepark.co/faq/quanto-custa-estacionar-no-aeroporto-de-florianopolis","","4","612","0.65","9.80"
"https://movepark.co/faq/quanto-custa-estacionar-no-aeroporto-de-fortaleza","","4","218","1.83","9.35"
"https://movepark.co/faq/quanto-custa-estacionar-no-aeroporto-de-vitoria","","4","380","1.05","7.52"
"https://skypark.movepark.co/login","","4","500","0.80","22.55"
"https://movepark.co/blog/como-encontrar-o-melhor-estacionamento-no-aeroporto-de-guarulhos/","GRU","3","2273","0.13","12.77"
"https://movepark.co/blog/onde-estacionar-meu-carro-em-aeroporto-viracopos-em-2024/","VCP","3","1132","0.27","45.20"
"https://movepark.co/blog/preco-estacionamento-aeroporto-viracopos-saiba-tudo-aqui/","VCP","3","1584","0.19","9.08"
"https://movepark.co/destinos/aeroporto-de-congonhas","","3","366","0.82","21.82"
"https://movepark.co/estacionamentos/aeroporto-afonso-pena/hangar-vip-aeroporto-afonso-pena","CWB","3","243","1.23","6.21"
"https://movepark.co/estacionamentos/aeroporto-viracopos/br-parking/","VCP","3","5871","0.05","14.66"
"https://movepark.co/faq/o-estacionamento-no-aeroporto-de-londrina-oferece-traslado-ate-o-terminal","","3","111","2.70","9.64"
"https://movepark.co/faq/quanto-custa-estacionar-no-aeroporto-afonso-pena","CWB","3","111","2.70","8.45"
"https://movepark.co/faq/quanto-custa-estacionar-no-aeroporto-de-confins","CNF","3","187","1.60","19.79"
"https://aeropark.movepark.co/login","","2","1287","0.16","23.67"
"https://aerovalet.movepark.co/aeroporto-congonhas/vaga-coberta?utm_source=aeropark&utm_medium=organic&utm_campaign=afiliado-movepark","","2","31","6.45","5.90"
"https://airpark.movepark.co/","","2","1895","0.11","19.02"
"https://chatbuilder.movepark.co/","","2","77","2.60","4.77"
"https://movepark.co/blog/qual-e-o-melhor-estacionamento-aeroporto-viracopos-2022/","VCP","2","323","0.62","42.60"
"https://movepark.co/blog/regiao/aeroporto-congonhas/","","2","228","0.88","16.89"
"https://movepark.co/blog/regiao/aeroporto-rio-galeao/","","2","206","0.97","32.69"
"https://movepark.co/blog/regiao/terminal-rodoviario-tiete/","","2","155","1.29","47.63"
"https://movepark.co/calculadora-estacionamento-aeroporto","","2","58","3.45","7.07"
"https://movepark.co/destinos/aeroporto-de-florianopolis-hercilio-luz","","2","21","9.52","16.00"
"https://movepark.co/destinos/aeroporto-de-fortaleza","","2","14","14.29","15.57"
"https://movepark.co/destinos/aeroporto-de-londrina","","2","68","2.94","8.91"
"https://movepark.co/destinos/aeroporto-do-galeao","","2","265","0.75","10.82"
"https://movepark.co/destinos/aeroporto-salgado-filho","","2","58","3.45","14.83"
"https://movepark.co/destinos/aeroporto-santos-dumont","","2","177","1.13","10.79"
"https://movepark.co/estacionamentos/aeroporto-de-confins/aeropark-confins-aeroporto-confins","CNF","2","176","1.14","9.46"
"https://movepark.co/estacionamentos/aeroporto-de-viracopos/estacionamento-oficial-viracopos-estapar","VCP","2","110","1.82","64.06"
"https://movepark.co/faq/o-estacionamento-no-aeroporto-de-vitoria-oferece-traslado-ate-o-terminal","","2","29","6.90","10.90"
"https://movepark.co/faq/qual-o-estacionamento-mais-barato-perto-do-aeroporto-de-confins","CNF","2","25","8.00","24.20"
"https://movepark.co/faq/qual-o-estacionamento-mais-barato-perto-do-aeroporto-de-maceio","","2","101","1.98","9.95"
"https://movepark.co/faq/quanto-custa-estacionar-no-aeroporto-de-cuiaba","","2","249","0.80","7.79"
"https://movepark.co/faq/quanto-custa-estacionar-no-aeroporto-de-joao-pessoa","","2","176","1.14","6.41"
"https://plenty.movepark.co/profile/my-reservations","","2","25","8.00","9.64"
"https://abbapark.movepark.co/login?callbackUrl=%2Fprofile%2Fvehicles","","1","766","0.13","8.93"
"https://aerovalet.movepark.co/terminal-rodoviario-tiete/vaga-coberta-tiete","","1","7","14.29","7.00"
"https://garageinn.movepark.co/pt-br/aeroporto-viracopos/vaga-avulsa","VCP","1","300","0.33","12.13"
"https://hub.movepark.co/cancelamento","","1","4","25.00","6.75"
"https://hub.movepark.co/contato","","1","7","14.29","14.00"
"https://hub.movepark.co/destinos/aeroporto-afonso-pena","CWB","1","19","5.26","15.11"
"https://hub.movepark.co/destinos/aeroporto-de-brasilia","","1","21","4.76","10.95"
"https://hub.movepark.co/destinos/aeroporto-salgado-filho","","1","14","7.14","10.86"
"https://movepark.co/blog/","","1","2289","0.04","11.54"
"https://movepark.co/blog/como-estacionar-barato-no-aeroporto-de-guarulhos/","GRU","1","380","0.26","49.58"
"https://movepark.co/blog/como-reservar-vaga-no-estacionamento-do-aeroporto-de-viracopos/","VCP","1","988","0.10","73.76"
"https://movepark.co/blog/descubra-o-melhor-parque-low-cost-junto-ao-aeroporto-de-lisboa/","","1","5621","0.02","49.90"
"https://movepark.co/blog/dicas-de-viagem-encontre-o-estacionamento-perfeito-perto-do-aeroporto-de-guarulhos-com-o-movepark/","GRU","1","1335","0.07","18.12"
"https://movepark.co/blog/estacionamento-aeroporto-guarulhos-veja-o-preco-dos-principais-estacionamentos/","GRU","1","7624","0.01","52.64"
"https://movepark.co/blog/estacionamento-perto-do-aeroporto-de-guarulhos-reserve-online/","GRU","1","2185","0.05","86.03"
"https://movepark.co/blog/guia-completo-dos-estacionamentos-proximos-ao-aeroporto-de-lisboa-precos-e-opcoes/","","1","894","0.11","53.60"
"https://movepark.co/blog/melhores-precos-de-estacionamento-no-aeroporto-de-navegantes/","","1","82","1.22","7.90"
"https://movepark.co/blog/os-beneficios-de-ir-de-carro-para-o-aeroporto-de-guarulhos-em-2024/","GRU","1","1355","0.07","57.11"
"https://movepark.co/blog/ponce-park-descubra-se-o-estacionamento-aeroporto-gru-oferece-vagas-cobertas/","GRU","1","546","0.18","26.38"
"https://movepark.co/blog/quanto-custa-um-estacionamento-do-aeroporto-afonso-pena/","CWB","1","180","0.56","36.17"
"https://movepark.co/blog/regiao/aeroporto-confins/","CNF","1","630","0.16","42.27"
"https://movepark.co/blog/regiao/aeroporto-guarulhos/","GRU","1","839","0.12","51.19"
"https://movepark.co/contato","","1","5","20.00","7.00"
"https://movepark.co/destinos/aeroporto-de-campo-grande","","1","62","1.61","10.56"
"https://movepark.co/destinos/aeroporto-de-confins","CNF","1","618","0.16","11.45"
"https://movepark.co/destinos/aeroporto-de-goiania","","1","111","0.90","15.23"
"https://movepark.co/destinos/aeroporto-de-salvador","","1","140","0.71","11.02"
"https://movepark.co/destinos/aeroporto-internacional-de-sao-paulo-guarulhos","GRU","1","349","0.29","52.32"
"https://movepark.co/estacionamentos/aeroporto-afonso-pena/best-park-estacionamentos-aeroporto-afonso-pena","CWB","1","242","0.41","5.03"
"https://movepark.co/estacionamentos/aeroporto-afonso-pena/estacionamento-aeroporto-afonso-pena-curitiba","CWB","1","4","25.00","1.00"
"https://movepark.co/estacionamentos/aeroporto-afonso-pena/express-park-aeroporto-aeroporto-afonso-pena","CWB","1","59","1.69","10.53"
"https://movepark.co/estacionamentos/aeroporto-de-congonhas/the-parking-estacionamento-aeroporto-congonhas","","1","88","1.14","10.36"
"https://movepark.co/estacionamentos/aeroporto-de-salvador/estacionamento-bambuzal-aeroporto-salvador","","1","209","0.48","9.44"
"https://movepark.co/estacionamentos/aeroporto-internacional-do-recife-guararapes/estacionamento-recife-grupo-recife-rent-a-car-aeroporto-recife","","1","27","3.70","20.63"
"https://movepark.co/estacionamentos/aeroporto-internacional-do-recife-guararapes/foco-park-estacionamento-aeroporto-recife","","1","28","3.57","4.39"
"https://movepark.co/faq/as-vagas-no-aeroporto-de-londrina-sao-cobertas-ou-descobertas","","1","10","10.00","7.60"
"https://movepark.co/faq/as-vagas-no-aeroporto-de-vitoria-sao-cobertas-ou-descobertas","","1","13","7.69","11.31"
"https://movepark.co/faq/as-vagas-no-aeroporto-do-recife-sao-cobertas-ou-descobertas","","1","11","9.09","6.45"
"https://movepark.co/faq/as-vagas-no-aeroporto-salgado-filho-sao-cobertas-ou-descobertas","","1","50","2.00","10.76"
"https://movepark.co/faq/existe-limite-de-altura-gabarito-para-suvs-vans-ou-furgoes-salvador-ssa","","1","3","33.33","4.33"
"https://movepark.co/faq/o-estacionamento-no-aeroporto-afonso-pena-oferece-traslado-ate-o-terminal","CWB","1","19","5.26","10.05"
"https://movepark.co/faq/o-estacionamento-no-aeroporto-de-cuiaba-oferece-traslado-ate-o-terminal","","1","13","7.69","8.38"
"https://movepark.co/faq/o-estacionamento-no-aeroporto-salgado-filho-oferece-traslado-ate-o-terminal","","1","177","0.56","9.73"
"https://movepark.co/faq/qual-o-estacionamento-mais-barato-perto-do-aeroporto-de-florianopolis","","1","31","3.23","12.71"
"https://movepark.co/faq/qual-o-estacionamento-mais-barato-perto-do-aeroporto-de-teresina","","1","20","5.00","6.55"
"https://movepark.co/faq/qual-o-estacionamento-mais-barato-perto-do-aeroporto-de-viracopos","VCP","1","63","1.59","19.83"
"https://movepark.co/faq/qual-o-estacionamento-mais-barato-perto-do-aeroporto-de-vitoria","","1","16","6.25","11.31"
"https://movepark.co/faq/quanto-custa-estacionar-no-aeroporto-de-campo-grande","","1","167","0.60","9.29"
"https://movepark.co/faq/quanto-custa-estacionar-no-aeroporto-de-goiania","","1","344","0.29","10.14"
"https://movepark.co/faq/quanto-custa-estacionar-no-aeroporto-de-navegantes","","1","64","1.56","8.95"
"https://movepark.co/faq/quanto-custa-estacionar-no-aeroporto-de-viracopos","VCP","1","336","0.30","15.53"
"https://movepark.co/p/aeropark/aeroporto-guarulhos/covered","GRU","1","342","0.29","8.79"
"https://movepark.co/p/aerovalet/terminal-rodoviario-tiete/covered","","1","134","0.75","11.13"
"https://movepark.co/precos/aeroporto-de-viracopos","VCP","1","62","1.61","34.68"
"https://movepark.co/pt/estacionamentos/faro/airpark-estacionamento-aeroporto-faro/","","1","6094","0.02","45.26"
"https://movepark.co/pt/estacionamentos/lisboa/","","1","2089","0.05","54.80"
"https://movepark.co/pt/estacionamentos/lisboa/airpark/","","1","11943","0.01","48.51"
"https://movepark.co/pt/estacionamentos/lisboa/redpark-estacionamento-aeroporto-lisboa/","","1","2127","0.05","35.36"
"https://movepark.co/pt/melhor-estacionamento-aeroporto-guarulhos-2022/","GRU","1","413","0.24","39.66"
"https://movepark.co/pt/qual-e-o-melhor-estacionamento-do-aeroporto-de-viracopos/","VCP","1","22","4.55","9.05"
"https://movepark.co/pt/qual-e-o-valor-da-diaria-estacionamento-aeroporto-viracopos/","VCP","1","386","0.26","22.39"
"https://movepark.co/termos-de-uso/","","1","44","2.27","34.05"
"https://plenty.movepark.co/login?callbackUrl=%2Fprofile%2Fmy-reservations","","1","21","4.76","3.19"
"https://abbapark.movepark.co/aeroporto-afonso-pena/vaga-coberta?utm_source=abbapark&utm_medium=organic&utm_campaign=afiliado-movepark","CWB","0","244","0.00","8.94"
"https://abbapark.movepark.co/aeroporto-afonso-pena/vaga-descoberta?utm_source=abbapark&utm_medium=organic&utm_campaign=afiliado-movepark","CWB","0","6","0.00","4.17"
"https://abbapark.movepark.co/login?callbackUrl=%2Fprofile%2Fmy-reservations","","0","14","0.00","6.50"
"https://abbapark.movepark.co/privacy-policy","","0","4","0.00","53.00"
"https://abbapark.movepark.co/profile","","0","682","0.00","9.07"
"https://aeropark.movepark.co/aeroporto-guarulhos/vaga-descoberta","GRU","0","9","0.00","18.56"
"https://aeropark.movepark.co/login?callbackUrl=%2Fprofile","","0","7","0.00","6.14"
"https://aeropark.movepark.co/login?callbackUrl=%2Fprofile%2Fmy-reservations","","0","1","0.00","49.00"
"https://aeropark.movepark.co/profile","","0","8","0.00","6.00"
"https://aeropark.movepark.co/profile/my-reservations","","0","1","0.00","1.00"
"https://aerovalet.movepark.co/aeroporto-guarulhos/vaga-coberta-gru","GRU","0","390","0.00","9.27"
"https://aerovalet.movepark.co/aeroporto-guarulhos/vaga-descoberta-gru","GRU","0","329","0.00","7.37"
"https://aerovalet.movepark.co/aeroporto-guarulhos/vaga-descoberta-gru?utm_source=movepark&utm_medium=organic&utm_campaign=afiliado-movepark&startDateTime=2026-08-20T00%3A00%3A00.000Z&endDateTime=2026-08-21T00%3A00%3A00.000Z","GRU","0","1","0.00","2.00"
"https://aerovalet.movepark.co/aeroporto-guarulhos/valet-gru?utm_source=movepark&utm_medium=organic&utm_campaign=afiliado-movepark&startDateTime=2026-08-28T19%3A00%3A00.000Z&endDateTime=2026-08-30T19%3A00%3A00.000Z","GRU","0","8","0.00","7.38"
"https://aerovalet.movepark.co/login","","0","262","0.00","8.46"
"https://airpark.movepark.co/lisboa/parque-descoberto","","0","1","0.00","6.00"
"https://airpark.movepark.co/login","","0","397","0.00","11.87"
"https://airpark.movepark.co/pt-br/lisboa/vaga-coberta","","0","78","0.00","24.85"
"https://airpark.movepark.co/pt-pt/lisboa/parque-coberto","","0","353","0.00","51.71"
"https://api.movepark.co/","","0","5","0.00","30.20"
"https://estacionamentos.movepark.co/aeroporto-confins/be-park-estacionamento-aeroporto-confins","CNF","0","9","0.00","5.22"
"https://garageinn.movepark.co/[category]/[product]","","0","59","0.00","10.02"
"https://garageinn.movepark.co/aeroporto-viracopos/vaga-avulsa","VCP","0","145","0.00","10.72"
"https://garageinn.movepark.co/aeroporto-viracopos/vaga-avulsa?utm_source=movepark&utm_medium=organic&utm_campaign=afiliado-movepark&startDateTime=2026-08-21T00%3A00%3A00.000Z&endDateTime=2026-08-22T00%3A00%3A00.000Z","VCP","0","1","0.00","73.00"
"https://garageinn.movepark.co/login?callbackUrl=%2Fprofile","","0","3","0.00","5.33"
"https://garageinn.movepark.co/login?callbackUrl=%2Fprofile%2Fvehicles","","0","1","0.00","5.00"
"https://garageinn.movepark.co/privacy-policy","","0","9","0.00","6.89"
"https://garageinn.movepark.co/profile","","0","1","0.00","4.00"
"https://garageinn.movepark.co/restore-password","","0","24","0.00","10.25"
"https://hub.movepark.co/","","0","270","0.00","11.79"
"https://hub.movepark.co/como-funciona","","0","9","0.00","5.22"
"https://hub.movepark.co/destinos/aeroporto-de-confins","CNF","0","1","0.00","10.00"
"https://hub.movepark.co/destinos/aeroporto-de-congonhas","","0","12","0.00","58.58"
"https://hub.movepark.co/destinos/aeroporto-de-faro","","0","3","0.00","36.33"
"https://hub.movepark.co/destinos/aeroporto-de-viracopos","VCP","0","14","0.00","77.71"
"https://hub.movepark.co/destinos/aeroporto-do-galeao","","0","7","0.00","10.43"
"https://hub.movepark.co/destinos/aeroporto-francisco-sa-carneiro","","0","2","0.00","56.00"
"https://hub.movepark.co/destinos/aeroporto-humberto-delgado","","0","30","0.00","68.37"
"https://hub.movepark.co/destinos/aeroporto-internacional-de-sao-paulo-guarulhos","GRU","0","18","0.00","27.39"
"https://hub.movepark.co/destinos/aeroporto-santos-dumont","","0","37","0.00","13.24"
"https://hub.movepark.co/destinos/centro-de-nova-iguacu","","0","8","0.00","5.63"
"https://hub.movepark.co/destinos/centro-de-sao-paulo","","0","2","0.00","5.50"
"https://hub.movepark.co/destinos/jardim-paulista","","0","3","0.00","27.00"
"https://hub.movepark.co/destinos/terminal-rodoviario-tiete","","0","28","0.00","59.50"
"https://hub.movepark.co/docs","","0","5","0.00","6.80"
"https://hub.movepark.co/faq","","0","3","0.00","37.67"
"https://hub.movepark.co/login","","0","4","0.00","41.00"
"https://hub.movepark.co/operator","","0","5","0.00","22.00"
"https://hub.movepark.co/p/abbapark/aeroporto-afonso-pena/covered?dest=CWB&from=2026-08-08T19%3A00%3A00.000Z&to=2026-08-10T19%3A00%3A00.000Z&src=destino","CWB","0","1","0.00","4.00"
"https://hub.movepark.co/p/aerovalet/aeroporto-guarulhos/covered?dest=GRU&from=2026-08-08T19%3A00%3A00.000Z&to=2026-08-10T19%3A00%3A00.000Z&src=destino","GRU","0","3","0.00","9.67"
"https://hub.movepark.co/p/aerovalet/aeroporto-guarulhos/valet?dest=GRU&from=2026-08-08T19%3A00%3A00.000Z&to=2026-08-10T19%3A00%3A00.000Z&src=destino","GRU","0","14","0.00","9.36"
"https://hub.movepark.co/p/aerovalet/terminal-rodoviario-tiete/covered","","0","4","0.00","8.50"
"https://hub.movepark.co/p/garageinn/aeroporto-viracopos/uncovered","VCP","0","25","0.00","65.12"
"https://hub.movepark.co/p/plenty/aeroporto-congonhas/covered","","0","12","0.00","41.67"
"https://hub.movepark.co/p/plenty/aeroporto-congonhas/covered?from=2026-07-04&to=2026-07-05&src=home-popular","","0","13","0.00","8.46"
"https://hub.movepark.co/p/virapark/virapark/covered","","0","2","0.00","58.50"
"https://hub.movepark.co/p/virapark/virapark/covered/?dest\=VCP\&from\=2026-06-21T15%3A00%3A00.000Z\&to\=2026-06-23T15%3A00%3A00.000Z","VCP","0","2","0.00","1.00"
"https://hub.movepark.co/search","","0","118","0.00","52.38"
"https://hub.movepark.co/search?dest=CGH","","0","20","0.00","59.40"
"https://hub.movepark.co/search?dest=CNF","CNF","0","34","0.00","79.44"
"https://hub.movepark.co/search?dest=CWB","CWB","0","14","0.00","83.79"
"https://hub.movepark.co/search?dest=GRU","GRU","0","6","0.00","74.67"
"https://hub.movepark.co/search?dest=POA","","0","26","0.00","53.38"
"https://hub.movepark.co/search?dest=SDU","","0","1","0.00","37.00"
"https://hub.movepark.co/search?dest=centro-sp","","0","5","0.00","46.00"
"https://hub.movepark.co/search?dest=jardim-paulista","","0","2","0.00","46.00"
"https://hub.movepark.co/search?dest=nova-iguacu","","0","7","0.00","7.43"
"https://hub.movepark.co/search?dest=tiete","","0","14","0.00","44.93"
"https://hub.movepark.co/seja-parceiro","","0","7","0.00","7.86"
"https://hub.movepark.co/termos","","0","9","0.00","7.33"
"https://mcp.movepark.co/","","0","5","0.00","87.40"
"https://movepark.co/agendar-teste/","","0","142","0.00","20.23"
"https://movepark.co/ajuda","","0","3","0.00","7.33"
"https://movepark.co/blog/5-dicas-para-transformar-sua-escala-no-aeroporto-guarulhos-em-uma-aventura-inesquecivel/","GRU","0","784","0.00","59.08"
"https://movepark.co/blog/5-maneiras-inteligentes-de-economizar-no-aeroporto-afonso-pena/","CWB","0","203","0.00","33.05"
"https://movepark.co/blog/5-vantagens-de-estacionar-no-aeroporto-de-curitiba/","CWB","0","39","0.00","10.90"
"https://movepark.co/blog/aeropark-descubra-se-o-estacionamento-aeroporto-gru-oferece-vagas-cobertas/","GRU","0","652","0.00","35.50"
"https://movepark.co/blog/aeroporto-do-recife-passageiros-voos-e-importancia-para-o-nordeste/","","0","14","0.00","10.50"
"https://movepark.co/blog/case-de-sucesso-aeroparking-movepark/","","0","518","0.00","13.69"
"https://movepark.co/blog/como-evitar-problemas-no-estacionamento-do-aeroporto-guarulhos/","GRU","0","46","0.00","11.41"
"https://movepark.co/blog/como-pagar-mais-barato-no-estacionamento-do-aeroporto-de-lisboa/","","0","6760","0.00","76.27"
"https://movepark.co/blog/como-pagar-menos-no-estacionamento-do-aeroporto-campinas/","VCP","0","98","0.00","18.74"
"https://movepark.co/blog/como-reservar-um-estacionamento-com-pagamento-antecipado/","","0","79","0.00","16.06"
"https://movepark.co/blog/conheca-o-estacionamento-mais-proximo-do-aeroporto-guarulhos-em-2024-2/","GRU","0","178","0.00","34.12"
"https://movepark.co/blog/encontre-o-melhor-estacionamento-perto-do-aeroporto-de-lisboa/","","0","1458","0.00","67.71"
"https://movepark.co/blog/encontre-sua-vaga-de-estacionamento-no-aeroporto-de-guarulhos/","GRU","0","18","0.00","85.28"
"https://movepark.co/blog/estacionamento-aeroporto-guarulhos-seguranca-do-seu-veiculo-e-prioridade/","GRU","0","89","0.00","17.97"
"https://movepark.co/blog/estacionamento-com-desconto-perto-aeroporto-guarulhos/","GRU","0","228","0.00","56.06"
"https://movepark.co/blog/estacionamento-no-aeroporto-de-afonso-pena-a-melhor-opcao-para-sua-viagem/","CWB","0","77","0.00","10.62"
"https://movepark.co/blog/facilidade-e-conforto-estacionamento-aeroporto-curitiba-cwb/","CWB","0","83","0.00","12.80"
"https://movepark.co/blog/onde-deixar-o-carro-estacionado-em-viracopos/#secao-1-estacionamento-oficial-do-aeroporto-viracopos","VCP","0","10","0.00","10.90"
"https://movepark.co/blog/onde-deixar-o-carro-estacionado-em-viracopos/#secao-2-alternativas-fora-do-aeroporto-viracopos","VCP","0","9","0.00","10.89"
"https://movepark.co/blog/onde-deixar-o-carro-estacionado-em-viracopos/#secao-3-opcao-de-estacionamento-dentro-do-aeroporto-cev-garage-inn","VCP","0","7","0.00","11.43"
"https://movepark.co/blog/onde-deixar-o-carro-estacionado-em-viracopos/#secao-4-a-escolha-certa-para-uma-viagem-sem-preocupacoes","VCP","0","6","0.00","11.50"
"https://movepark.co/blog/page/10/","","0","1","0.00","47.00"
"https://movepark.co/blog/page/2/","","0","35","0.00","27.29"
"https://movepark.co/blog/page/5/","","0","1","0.00","4.00"
"https://movepark.co/blog/page/6/","","0","1","0.00","6.00"
"https://movepark.co/blog/page/9/","","0","2","0.00","21.00"
"https://movepark.co/blog/por-que-o-virapark-se-destaca-como-melhor-estacionamento-do-aeroporto-campinas/#secao-1-virapark-o-melhor-estacionamento-do-aeroporto-campinas","VCP","0","1","0.00","10.00"
"https://movepark.co/blog/por-que-o-virapark-se-destaca-como-melhor-estacionamento-do-aeroporto-campinas/#secao-3-como-voce-identifica-a-melhor-opcao-de-estacionamento-no-aer","VCP","0","1","0.00","10.00"
"https://movepark.co/blog/por-que-o-virapark-se-destaca-como-melhor-estacionamento-do-aeroporto-campinas/#secao-4-secao-de-perguntas-frequentes-faq","VCP","0","1","0.00","10.00"
"https://movepark.co/blog/preco-estacionamento-aeroporto-afonso-pena-curitiba-saiba-tudo-aqui","CWB","0","2","0.00","1.00"
"https://movepark.co/blog/qual-e-o-melhor-estacionamento-aeroporto-guarulhos-2023/","GRU","0","185","0.00","64.06"
"https://movepark.co/blog/qual-e-o-valor-da-diaria-estacionamento-aeroporto-viracopos/","VCP","0","452","0.00","57.13"
"https://movepark.co/blog/qual-o-melhor-estacionamento-no-aeroporto-afonso-pena-em-2024/","CWB","0","258","0.00","66.71"
"https://movepark.co/blog/qual-o-melhor-estacionamento-no-aeroporto-de-guarulhos-em-2024/","GRU","0","444","0.00","32.56"
"https://movepark.co/blog/qual-o-melhor-estacionamento-no-aeroporto-lisboa-em-2024/","","0","1934","0.00","57.78"
"https://movepark.co/blog/qual-o-valor-da-diaria-do-estacionamento-no-aeroporto-viracopos-2024","VCP","0","1","0.00","1.00"
"https://movepark.co/blog/quanto-custa-o-estacionamento-no-aeroporto-lisboa/","","0","12161","0.00","61.54"
"https://movepark.co/blog/quanto-custa-para-estacionar-no-aeroporto-viracopos/","VCP","0","94","0.00","37.44"
"https://movepark.co/blog/quanto-custa-um-estacionamento-do-aeroporto-lisboa/","","0","6","0.00","6.00"
"https://movepark.co/blog/regiao/aeroporto-navegantes/","","0","128","0.00","56.47"
"https://movepark.co/blog/regiao/aeroporto-santos-dumont-rio/","","0","25","0.00","9.28"
"https://movepark.co/blog/regiao/cgh/","","0","95","0.00","54.49"
"https://movepark.co/blog/regiao/rio-de-janeiro/","","0","13","0.00","27.08"
"https://movepark.co/blog/top-3-estacionamentos-do-aeroporto-de-confins/#secao-2-por-que-e-importante-escolher-um-bom-estacionamento-no-aerop","CNF","0","49","0.00","10.94"
"https://movepark.co/blog/top-3-estacionamentos-do-aeroporto-de-confins/#secao-3-comparativo-de-diarias-dos-estacionamentos-no-aeroporto-de-c","CNF","0","49","0.00","10.94"
"https://movepark.co/blog/top-3-estacionamentos-do-aeroporto-de-confins/#secao-4-estacionamento-oficial-do-aeroporto","CNF","0","41","0.00","11.24"
"https://movepark.co/blog/top-3-estacionamentos-do-aeroporto-de-confins/#secao-5-park-confins","CNF","0","49","0.00","10.94"
"https://movepark.co/blog/top-3-estacionamentos-do-aeroporto-de-confins/#secao-6-multipark","CNF","0","41","0.00","11.24"
"https://movepark.co/blog/top-3-estacionamentos-do-aeroporto-de-confins/#secao-7-estacionar-no-aeroporto-ou-em-estacionamentos-externos","CNF","0","41","0.00","11.24"
"https://movepark.co/blog/top-3-estacionamentos-do-aeroporto-de-congonhas","","0","1","0.00","1.00"
"https://movepark.co/blog/top-3-estacionamentos-do-aeroporto-de-congonhas/#secao-1-top-3-estacionamentos-do-aeroporto-de-congonhas","","0","11","0.00","10.09"
"https://movepark.co/blog/top-3-estacionamentos-do-aeroporto-de-congonhas/#secao-2-por-que-e-importante-escolher-um-bom-estacionamento-em-congo","","0","15","0.00","9.73"
"https://movepark.co/blog/top-3-estacionamentos-do-aeroporto-de-congonhas/#secao-3-comparativo-de-diarias-dos-estacionamentos-em-congonhas","","0","11","0.00","10.18"
"https://movepark.co/blog/top-3-estacionamentos-do-aeroporto-de-congonhas/#secao-4-estacionamento-oficial-do-aeroporto","","0","15","0.00","9.93"
"https://movepark.co/blog/top-3-estacionamentos-do-aeroporto-de-congonhas/#secao-5-bandeira-park-congonhas","","0","14","0.00","10.14"
"https://movepark.co/blog/top-3-estacionamentos-do-aeroporto-de-congonhas/#secao-6-congonhas-park","","0","18","0.00","9.83"
"https://movepark.co/blog/top-3-estacionamentos-do-aeroporto-de-congonhas/#secao-7-estacionar-no-aeroporto-ou-em-estacionamentos-externos","","0","10","0.00","10.20"
"https://movepark.co/blog/top-3-estacionamentos-do-aeroporto-de-curitiba","CWB","0","1","0.00","1.00"
"https://movepark.co/blog/top-3-estacionamentos-do-aeroporto-de-navegantes/#secao-2-por-que-e-importante-escolher-um-bom-estacionamento-no-aerop","","0","368","0.00","8.06"
"https://movepark.co/blog/top-3-estacionamentos-do-aeroporto-de-navegantes/#secao-3-comparativo-de-diarias-dos-estacionamentos-no-aeroporto-de-n","","0","366","0.00","8.08"
"https://movepark.co/blog/top-3-estacionamentos-do-aeroporto-de-navegantes/#secao-4-estacionamento-oficial-do-aeroporto","","0","311","0.00","8.20"
"https://movepark.co/blog/top-3-estacionamentos-do-aeroporto-de-navegantes/#secao-5-prime-estacionamento","","0","309","0.00","8.22"
"https://movepark.co/blog/top-3-estacionamentos-do-aeroporto-de-navegantes/#secao-6-dummont-park","","0","369","0.00","8.07"
"https://movepark.co/blog/top-3-estacionamentos-do-aeroporto-de-navegantes/#secao-7-estacionar-no-aeroporto-ou-em-estacionamentos-externos","","0","311","0.00","8.22"
"https://movepark.co/blog/top-3-estacionamentos-do-aeroporto-de-viracopos/","VCP","0","261","0.00","10.33"
"https://movepark.co/blog/vantagens-de-reservar-seu-estacionamento-proximo-ao-gru-airport-com-a-movepark/","GRU","0","294","0.00","22.78"
"https://movepark.co/blog/viracopos-para-iniciantes-guia-para-uma-viagem-tranquila-e-sem-estresse/","VCP","0","84","0.00","26.05"
"https://movepark.co/cancelamento","","0","4","0.00","3.50"
"https://movepark.co/destinos","","0","2","0.00","4.00"
"https://movepark.co/destinos/aeroporto-de-maceio","","0","84","0.00","11.88"
"https://movepark.co/destinos/aeroporto-de-teresina","","0","62","0.00","8.31"
"https://movepark.co/destinos/aeroporto-internacional-de-navegantes","","0","40","0.00","10.32"
"https://movepark.co/destinos/centro-de-nova-iguacu","","0","75","0.00","7.19"
"https://movepark.co/destinos/centro-de-sao-paulo","","0","32","0.00","8.31"
"https://movepark.co/destinos/jardim-paulista","","0","32","0.00","15.91"
"https://movepark.co/destinos/terminal-rodoviario-tiete","","0","111","0.00","18.39"
"https://movepark.co/docs","","0","1","0.00","20.00"
"https://movepark.co/estacionamento-mais-barato/aeroporto-afonso-pena","CWB","0","8","0.00","6.63"
"https://movepark.co/estacionamento-mais-barato/aeroporto-de-congonhas","","0","76","0.00","72.76"
"https://movepark.co/estacionamento-mais-barato/aeroporto-de-viracopos","VCP","0","129","0.00","39.64"
"https://movepark.co/estacionamento-mais-barato/aeroporto-internacional-de-sao-paulo-guarulhos","GRU","0","72","0.00","39.08"
"https://movepark.co/estacionamento-mais-barato/terminal-rodoviario-tiete","","0","2","0.00","11.50"
"https://movepark.co/estacionamentos/aeroporto-afonso-pena/estacionamento-afonso-pena-curitiba/","CWB","0","1","0.00","1.00"
"https://movepark.co/estacionamentos/aeroporto-afonso-pena/nikkey-estacionamento-aeroporto-afonso-pena","CWB","0","194","0.00","6.65"
"https://movepark.co/estacionamentos/aeroporto-afonsopena/estacionamento-aeroporto-afonso-pena-curitiba/","CWB","0","1","0.00","1.00"
"https://movepark.co/estacionamentos/aeroporto-confins/super-park-estacionamento-aeroporto-confins/","CNF","0","687","0.00","10.59"
"https://movepark.co/estacionamentos/aeroporto-de-campo-grande/vcm-park-aeroporto-campo-grande","","0","45","0.00","7.13"
"https://movepark.co/estacionamentos/aeroporto-de-confins/auto-park-brasil-aeroporto-confins","CNF","0","47","0.00","8.45"
"https://movepark.co/estacionamentos/aeroporto-de-confins/estacionamento-patio-aeroporto-confins","CNF","0","15","0.00","7.87"
"https://movepark.co/estacionamentos/aeroporto-de-confins/ipo-park-aeroporto-confins","CNF","0","102","0.00","8.84"
"https://movepark.co/estacionamentos/aeroporto-de-confins/park-confins-aeroporto-confins","CNF","0","69","0.00","18.46"
"https://movepark.co/estacionamentos/aeroporto-de-confins/space-park-aeroporto-confins","CNF","0","102","0.00","10.42"
"https://movepark.co/estacionamentos/aeroporto-de-congonhas/express-parking-aeroporto-congonhas","","0","110","0.00","7.57"
"https://movepark.co/estacionamentos/aeroporto-de-congonhas/multipark-unidade-congonhas-aeroporto-congonhas","","0","27","0.00","42.37"
"https://movepark.co/estacionamentos/aeroporto-de-congonhas/one-parking-congonhas-aeroporto-congonhas","","0","56","0.00","24.34"
"https://movepark.co/estacionamentos/aeroporto-de-florianopolis-hercilio-luz/portal-estacionamento-aeroporto-florianopolis","","0","169","0.00","9.79"
"https://movepark.co/estacionamentos/aeroporto-de-fortaleza/confort-park-estacionamento-aeroporto-fortaleza","","0","31","0.00","6.29"
"https://movepark.co/estacionamentos/aeroporto-de-viracopos-vcp","VCP","0","2","0.00","1.00"
"https://movepark.co/estacionamentos/aeroporto-de-viracopos/km64-estacionamento-viracopos","VCP","0","71","0.00","16.06"
"https://movepark.co/estacionamentos/aeroporto-de-viracopos/yellow-parking-viracopos","VCP","0","258","0.00","8.29"
"https://movepark.co/estacionamentos/aeroporto-do-galeao/peter-park-estacionamento-aeroporto-galeao","","0","1","0.00","4.00"
"https://movepark.co/estacionamentos/aeroporto-guarulhos/ponce-park-guarulhos/","GRU","0","824","0.00","30.59"
"https://movepark.co/estacionamentos/aeroporto-internacional-de-sao-paulo-guarulhos/airport-park-supera-park-estacionamento-ltda-aeroporto-guarulhos","GRU","0","4","0.00","9.50"
"https://movepark.co/estacionamentos/aeroporto-internacional-de-sao-paulo-guarulhos/callpark-estacionamentos-aeroporto-guarulhos","GRU","0","34","0.00","11.26"
"https://movepark.co/estacionamentos/aeroporto-internacional-de-sao-paulo-guarulhos/decolar-park-estacionamento-aeroporto-guarulhos","GRU","0","73","0.00","9.01"
"https://movepark.co/estacionamentos/aeroporto-internacional-de-sao-paulo-guarulhos/econopark-aeroporto-de-guarulhos-aeroporto-guarulhos","GRU","0","58","0.00","6.14"
"https://movepark.co/estacionamentos/aeroporto-internacional-de-sao-paulo-guarulhos/flypark-aeroporto-guarulhos","GRU","0","14","0.00","6.64"
"https://movepark.co/estacionamentos/aeroporto-internacional-de-sao-paulo-guarulhos/gopark-aeroporto-guarulhos","GRU","0","133","0.00","10.05"
"https://movepark.co/estacionamentos/aeroporto-internacional-de-sao-paulo-guarulhos/multipark-estacionamentos-aeroporto-guarulhos","GRU","0","71","0.00","11.38"
"https://movepark.co/estacionamentos/aeroporto-internacional-de-sao-paulo-guarulhos/park-222-aeroporto-guarulhos","GRU","0","221","0.00","6.77"
"https://movepark.co/estacionamentos/aeroporto-internacional-de-sao-paulo-guarulhos/ponce-park-ponce-park-garagem-ltda-aeroporto-guarulhos","GRU","0","460","0.00","8.13"
"https://movepark.co/estacionamentos/aeroporto-internacional-de-sao-paulo-guarulhos/servparking-aeroporto-guarulhos","GRU","0","60","0.00","10.25"
"https://movepark.co/estacionamentos/aeroporto-internacional-de-sao-paulo-guarulhos/urban-park-aeroporto-guarulhos","GRU","0","581","0.00","8.10"
"https://movepark.co/estacionamentos/aeroporto-salgado-filho/keep-parking-aeroporto-porto-alegre","","0","737","0.00","7.68"
"https://movepark.co/estacionamentos/aeroporto-salgado-filho/ve-parking-estacionamentos-aeroporto-porto-alegre","","0","82","0.00","10.09"
"https://movepark.co/estacionamentos/aeroporto-santos-dumont-rio/bossa-nova-mall-estacionamento-aeroporto-santos-dumont/","","0","1","0.00","1.00"
"https://movepark.co/estacionamentos/aeroporto-viracopos-vcp-guia-completo-com-precos-opcoes-e-a-melhor-escolha-economica/","VCP","0","13","0.00","1.00"
"https://movepark.co/estacionamentos/aeroporto-viracopos/garage-inn-aeroporto-viracopos/)","VCP","0","1","0.00","1.00"
"https://movepark.co/estacionamentos/aeroporto-viracopos/virapark-estacionamento-viracopos","VCP","0","2","0.00","1.00"
"https://movepark.co/estacionamentos/aeroporto-viracopos/virapark-estacionamento-viracopos/)","VCP","0","1","0.00","1.00"
"https://movepark.co/estacionamentos/cgh/the-parking-estacionamento-aeroporto-congonhas/","","0","382","0.00","15.89"
"https://movepark.co/faq","","0","27","0.00","5.96"
"https://movepark.co/faq/as-vagas-em-congonhas-sao-cobertas-ou-descobertas","","0","10","0.00","5.60"
"https://movepark.co/faq/as-vagas-em-guarulhos-sao-cobertas-ou-descobertas","GRU","0","6","0.00","6.50"
"https://movepark.co/faq/as-vagas-em-viracopos-sao-cobertas-ou-descobertas","VCP","0","6","0.00","9.67"
"https://movepark.co/faq/as-vagas-no-aeroporto-de-brasilia-sao-cobertas-ou-descobertas","","0","11","0.00","15.00"
"https://movepark.co/faq/as-vagas-no-aeroporto-de-campo-grande-sao-cobertas-ou-descobertas","","0","3","0.00","9.00"
"https://movepark.co/faq/as-vagas-no-aeroporto-de-confins-sao-cobertas-ou-descobertas","CNF","0","5","0.00","7.40"
"https://movepark.co/faq/as-vagas-no-aeroporto-de-florianopolis-sao-cobertas-ou-descobertas","","0","2","0.00","10.00"
"https://movepark.co/faq/as-vagas-no-aeroporto-de-fortaleza-sao-cobertas-ou-descobertas","","0","1","0.00","13.00"
"https://movepark.co/faq/as-vagas-no-aeroporto-de-goiania-sao-cobertas-ou-descobertas","","0","3","0.00","11.33"
"https://movepark.co/faq/as-vagas-no-aeroporto-de-joao-pessoa-sao-cobertas-ou-descobertas","","0","15","0.00","11.07"
"https://movepark.co/faq/as-vagas-no-aeroporto-de-maceio-sao-cobertas-ou-descobertas","","0","13","0.00","15.00"
"https://movepark.co/faq/as-vagas-no-aeroporto-de-navegantes-sao-cobertas-ou-descobertas","","0","1","0.00","90.00"
"https://movepark.co/faq/as-vagas-no-aeroporto-de-salvador-sao-cobertas-ou-descobertas","","0","1","0.00","9.00"
"https://movepark.co/faq/as-vagas-no-aeroporto-de-teresina-sao-cobertas-ou-descobertas","","0","4","0.00","8.25"
"https://movepark.co/faq/as-vagas-no-galeao-sao-cobertas-ou-descobertas","","0","7","0.00","7.57"
"https://movepark.co/faq/as-vagas-no-santos-dumont-sao-cobertas-ou-descobertas","","0","7","0.00","34.71"
"https://movepark.co/faq/como-cancelo-uma-reserva","","0","2","0.00","2.00"
"https://movepark.co/faq/como-faco-uma-reserva","","0","2","0.00","7.00"
"https://movepark.co/faq/e-se-meu-voo-atrasar-ou-eu-voltar-antes-do-previsto-congonhas-cgh","","0","1","0.00","1.00"
"https://movepark.co/faq/e-se-meu-voo-atrasar-ou-eu-voltar-antes-do-previsto-florianopolis-fln","","0","5","0.00","6.60"
"https://movepark.co/faq/e-se-meu-voo-atrasar-ou-eu-voltar-antes-do-previsto-fortaleza-for","","0","1","0.00","10.00"
"https://movepark.co/faq/e-se-meu-voo-atrasar-ou-eu-voltar-antes-do-previsto-galeao-gig","","0","7","0.00","6.43"
"https://movepark.co/faq/e-se-meu-voo-atrasar-ou-eu-voltar-antes-do-previsto-goiania-gyn","","0","1","0.00","2.00"
"https://movepark.co/faq/e-se-meu-voo-atrasar-ou-eu-voltar-antes-do-previsto-guarulhos-gru","GRU","0","1","0.00","2.00"
"https://movepark.co/faq/e-se-meu-voo-atrasar-ou-eu-voltar-antes-do-previsto-joao-pessoa-jpa","","0","2","0.00","4.50"
"https://movepark.co/faq/e-se-meu-voo-atrasar-ou-eu-voltar-antes-do-previsto-maceio-mcz","","0","1","0.00","9.00"
"https://movepark.co/faq/e-se-meu-voo-atrasar-ou-eu-voltar-antes-do-previsto-salgado-filho-poa","","0","2","0.00","4.00"
"https://movepark.co/faq/e-se-meu-voo-atrasar-ou-eu-voltar-antes-do-previsto-viracopos-vcp","VCP","0","4","0.00","3.50"
"https://movepark.co/faq/existe-limite-de-altura-gabarito-para-suvs-vans-ou-furgoes-afonso-pena-cwb","CWB","0","2","0.00","8.00"
"https://movepark.co/faq/existe-limite-de-altura-gabarito-para-suvs-vans-ou-furgoes-campo-grande-cgr","","0","2","0.00","2.50"
"https://movepark.co/faq/existe-limite-de-altura-gabarito-para-suvs-vans-ou-furgoes-confins-cnf","CNF","0","1","0.00","4.00"
"https://movepark.co/faq/existe-limite-de-altura-gabarito-para-suvs-vans-ou-furgoes-congonhas-cgh","","0","5","0.00","3.20"
"https://movepark.co/faq/existe-limite-de-altura-gabarito-para-suvs-vans-ou-furgoes-galeao-gig","","0","1","0.00","6.00"
"https://movepark.co/faq/existe-limite-de-altura-gabarito-para-suvs-vans-ou-furgoes-goiania-gyn","","0","1","0.00","1.00"
"https://movepark.co/faq/existe-limite-de-altura-gabarito-para-suvs-vans-ou-furgoes-guarulhos-gru","GRU","0","3","0.00","1.00"
"https://movepark.co/faq/existe-limite-de-altura-gabarito-para-suvs-vans-ou-furgoes-londrina-ldb","","0","1","0.00","4.00"
"https://movepark.co/faq/existe-limite-de-altura-gabarito-para-suvs-vans-ou-furgoes-navegantes-nvt","","0","1","0.00","9.00"
"https://movepark.co/faq/existe-limite-de-altura-gabarito-para-suvs-vans-ou-furgoes-recife-rec","","0","5","0.00","7.80"
"https://movepark.co/faq/existe-limite-de-altura-gabarito-para-suvs-vans-ou-furgoes-salgado-filho-poa","","0","1","0.00","1.00"
"https://movepark.co/faq/existe-limite-de-altura-gabarito-para-suvs-vans-ou-furgoes-santos-dumont-sdu","","0","5","0.00","6.20"
"https://movepark.co/faq/existe-limite-de-altura-gabarito-para-suvs-vans-ou-furgoes-viracopos-vcp","VCP","0","2","0.00","4.00"
"https://movepark.co/faq/existe-limite-de-altura-gabarito-para-suvs-vans-ou-furgoes-vitoria-vix","","0","1","0.00","11.00"
"https://movepark.co/faq/o-estacionamento-em-congonhas-oferece-traslado-ate-o-terminal","","0","60","0.00","13.40"
"https://movepark.co/faq/o-estacionamento-em-guarulhos-oferece-traslado-ate-o-terminal","GRU","0","12","0.00","7.58"
"https://movepark.co/faq/o-estacionamento-em-viracopos-oferece-traslado-ate-o-terminal","VCP","0","40","0.00","8.07"
"https://movepark.co/faq/o-estacionamento-no-aeroporto-de-brasilia-oferece-traslado-ate-o-terminal","","0","70","0.00","17.34"
"https://movepark.co/faq/o-estacionamento-no-aeroporto-de-campo-grande-oferece-traslado-ate-o-terminal","","0","2","0.00","13.00"
"https://movepark.co/faq/o-estacionamento-no-aeroporto-de-confins-oferece-traslado-ate-o-terminal","CNF","0","17","0.00","10.06"
"https://movepark.co/faq/o-estacionamento-no-aeroporto-de-florianopolis-oferece-traslado-ate-o-terminal","","0","18","0.00","13.28"
"https://movepark.co/faq/o-estacionamento-no-aeroporto-de-fortaleza-oferece-traslado-ate-o-terminal","","0","19","0.00","9.58"
"https://movepark.co/faq/o-estacionamento-no-aeroporto-de-goiania-oferece-traslado-ate-o-terminal","","0","10","0.00","10.60"
"https://movepark.co/faq/o-estacionamento-no-aeroporto-de-joao-pessoa-oferece-traslado-ate-o-terminal","","0","27","0.00","8.81"
"https://movepark.co/faq/o-estacionamento-no-aeroporto-de-maceio-oferece-traslado-ate-o-terminal","","0","43","0.00","11.88"
"https://movepark.co/faq/o-estacionamento-no-aeroporto-de-navegantes-oferece-traslado-ate-o-terminal","","0","5","0.00","40.00"
"https://movepark.co/faq/o-estacionamento-no-aeroporto-de-salvador-oferece-traslado-ate-o-terminal","","0","10","0.00","8.80"
"https://movepark.co/faq/o-estacionamento-no-aeroporto-de-teresina-oferece-traslado-ate-o-terminal","","0","33","0.00","9.36"
"https://movepark.co/faq/o-estacionamento-no-aeroporto-do-recife-oferece-traslado-ate-o-terminal","","0","40","0.00","10.60"
"https://movepark.co/faq/o-estacionamento-no-galeao-oferece-traslado-ate-o-terminal","","0","65","0.00","27.12"
"https://movepark.co/faq/o-pix-expira-em-quanto-tempo","","0","2","0.00","6.00"
"https://movepark.co/faq/os-estacionamentos-de-guarulhos-sao-seguros-tem-monitoramento","GRU","0","5","0.00","8.20"
"https://movepark.co/faq/os-estacionamentos-de-viracopos-sao-seguros-tem-monitoramento","VCP","0","5","0.00","6.20"
"https://movepark.co/faq/os-estacionamentos-do-galeao-sao-seguros-tem-monitoramento","","0","2","0.00","6.00"
"https://movepark.co/faq/os-estacionamentos-do-santos-dumont-sao-seguros-tem-monitoramento","","0","16","0.00","12.75"
"https://movepark.co/faq/os-estacionamentos-perto-do-aeroporto-de-brasilia-sao-seguros-tem-monitoramento","","0","20","0.00","10.00"
"https://movepark.co/faq/os-estacionamentos-perto-do-aeroporto-de-confins-sao-seguros-tem-monitoramento","CNF","0","5","0.00","8.20"
"https://movepark.co/faq/os-estacionamentos-perto-do-aeroporto-de-cuiaba-sao-seguros-tem-monitoramento","","0","4","0.00","9.75"
"https://movepark.co/faq/os-estacionamentos-perto-do-aeroporto-de-florianopolis-sao-seguros-tem-monitoramento","","0","2","0.00","10.00"
"https://movepark.co/faq/os-estacionamentos-perto-do-aeroporto-de-fortaleza-sao-seguros-tem-monitoramento","","0","3","0.00","9.67"
"https://movepark.co/faq/os-estacionamentos-perto-do-aeroporto-de-goiania-sao-seguros-tem-monitoramento","","0","7","0.00","9.00"
"https://movepark.co/faq/os-estacionamentos-perto-do-aeroporto-de-joao-pessoa-sao-seguros-tem-monitoramento","","0","23","0.00","11.78"
"https://movepark.co/faq/os-estacionamentos-perto-do-aeroporto-de-londrina-sao-seguros-tem-monitoramento","","0","4","0.00","21.50"
"https://movepark.co/faq/os-estacionamentos-perto-do-aeroporto-de-maceio-sao-seguros-tem-monitoramento","","0","3","0.00","52.67"
"https://movepark.co/faq/os-estacionamentos-perto-do-aeroporto-de-navegantes-sao-seguros-tem-monitoramento","","0","7","0.00","27.00"
"https://movepark.co/faq/os-estacionamentos-perto-do-aeroporto-de-teresina-sao-seguros-tem-monitoramento","","0","4","0.00","9.00"
"https://movepark.co/faq/os-estacionamentos-perto-do-aeroporto-de-vitoria-sao-seguros-tem-monitoramento","","0","2","0.00","9.50"
"https://movepark.co/faq/os-estacionamentos-perto-do-aeroporto-do-recife-sao-seguros-tem-monitoramento","","0","56","0.00","10.55"
"https://movepark.co/faq/posso-chegar-antes-ou-sair-depois-do-horario","","0","6","0.00","6.50"
"https://movepark.co/faq/posso-reservar-pra-outra-pessoa-dirigir","","0","1","0.00","1.00"
"https://movepark.co/faq/posso-trocar-o-veiculo-depois-da-reserva","","0","5","0.00","5.40"
"https://movepark.co/faq/quais-formas-de-pagamento-aceitam","","0","3","0.00","8.00"
"https://movepark.co/faq/qual-o-estacionamento-mais-barato-perto-do-aeroporto-afonso-pena","CWB","0","27","0.00","11.96"
"https://movepark.co/faq/qual-o-estacionamento-mais-barato-perto-do-aeroporto-de-campo-grande","","0","10","0.00","10.10"
"https://movepark.co/faq/qual-o-estacionamento-mais-barato-perto-do-aeroporto-de-congonhas","","0","55","0.00","40.05"
"https://movepark.co/faq/qual-o-estacionamento-mais-barato-perto-do-aeroporto-de-cuiaba","","0","4","0.00","6.75"
"https://movepark.co/faq/qual-o-estacionamento-mais-barato-perto-do-aeroporto-de-fortaleza","","0","34","0.00","13.41"
"https://movepark.co/faq/qual-o-estacionamento-mais-barato-perto-do-aeroporto-de-goiania","","0","49","0.00","13.39"
"https://movepark.co/faq/qual-o-estacionamento-mais-barato-perto-do-aeroporto-de-guarulhos","GRU","0","76","0.00","87.88"
"https://movepark.co/faq/qual-o-estacionamento-mais-barato-perto-do-aeroporto-de-joao-pessoa","","0","20","0.00","8.85"
"https://movepark.co/faq/qual-o-estacionamento-mais-barato-perto-do-aeroporto-de-londrina","","0","29","0.00","10.59"
"https://movepark.co/faq/qual-o-estacionamento-mais-barato-perto-do-aeroporto-de-navegantes","","0","5","0.00","51.00"
"https://movepark.co/faq/qual-o-estacionamento-mais-barato-perto-do-aeroporto-do-galeao","","0","70","0.00","27.76"
"https://movepark.co/faq/qual-o-estacionamento-mais-barato-perto-do-aeroporto-salgado-filho","","0","27","0.00","26.37"
"https://movepark.co/faq/quanto-custa-estacionar-no-aeroporto-de-guarulhos","GRU","0","392","0.00","34.81"
"https://movepark.co/faq/quanto-custa-estacionar-no-aeroporto-de-maceio","","0","172","0.00","9.67"
"https://movepark.co/faq/tem-valet-ou-e-self-park-voce-mesmo-estaciona-confins-cnf","CNF","0","1","0.00","5.00"
"https://movepark.co/faq/tem-valet-ou-e-self-park-voce-mesmo-estaciona-congonhas-cgh","","0","4","0.00","7.50"
"https://movepark.co/faq/tem-valet-ou-e-self-park-voce-mesmo-estaciona-cuiaba-cgb","","0","2","0.00","9.50"
"https://movepark.co/faq/tem-valet-ou-e-self-park-voce-mesmo-estaciona-florianopolis-fln","","0","2","0.00","7.00"
"https://movepark.co/faq/tem-valet-ou-e-self-park-voce-mesmo-estaciona-fortaleza-for","","0","3","0.00","9.67"
"https://movepark.co/faq/tem-valet-ou-e-self-park-voce-mesmo-estaciona-galeao-gig","","0","2","0.00","5.50"
"https://movepark.co/faq/tem-valet-ou-e-self-park-voce-mesmo-estaciona-goiania-gyn","","0","7","0.00","34.29"
"https://movepark.co/faq/tem-valet-ou-e-self-park-voce-mesmo-estaciona-guarulhos-gru","GRU","0","3","0.00","2.00"
"https://movepark.co/faq/tem-valet-ou-e-self-park-voce-mesmo-estaciona-londrina-ldb","","0","4","0.00","3.75"
"https://movepark.co/faq/tem-valet-ou-e-self-park-voce-mesmo-estaciona-salgado-filho-poa","","0","1","0.00","9.00"
"https://movepark.co/faq/tem-valet-ou-e-self-park-voce-mesmo-estaciona-salvador-ssa","","0","3","0.00","11.33"
"https://movepark.co/faq/tem-valet-ou-e-self-park-voce-mesmo-estaciona-teresina-the","","0","3","0.00","5.00"
"https://movepark.co/faq/tem-valet-ou-e-self-park-voce-mesmo-estaciona-viracopos-vcp","VCP","0","2","0.00","43.50"
"https://movepark.co/faq/tem-valet-ou-e-self-park-voce-mesmo-estaciona-vitoria-vix","","0","1","0.00","1.00"
"https://movepark.co/login","","0","1","0.00","78.00"
"https://movepark.co/metodologia","","0","1","0.00","12.00"
"https://movepark.co/p/abbapark/aeroporto-afonso-pena/covered","CWB","0","93","0.00","11.97"
"https://movepark.co/p/abbapark/aeroporto-afonso-pena/premium","CWB","0","13","0.00","47.46"
"https://movepark.co/p/abbapark/aeroporto-afonso-pena/uncovered","CWB","0","1","0.00","8.00"
"https://movepark.co/p/aeropark/aeroporto-guarulhos/uncovered","GRU","0","7","0.00","57.14"
"https://movepark.co/p/aeropark/aeroporto-guarulhos/valet","GRU","0","8","0.00","7.38"
"https://movepark.co/p/aerovalet/aeroporto-congonhas/covered","","0","31","0.00","7.06"
"https://movepark.co/p/aerovalet/aeroporto-guarulhos/covered","GRU","0","279","0.00","6.54"
"https://movepark.co/p/aerovalet/aeroporto-guarulhos/uncovered","GRU","0","4","0.00","7.00"
"https://movepark.co/p/aerovalet/aeroporto-guarulhos/valet","GRU","0","13","0.00","7.00"
"https://movepark.co/p/garageinn/aeroporto-viracopos/uncovered","VCP","0","3","0.00","42.67"
"https://movepark.co/p/nationpark/aeroporto-afonso-pena/covered","CWB","0","137","0.00","14.11"
"https://movepark.co/p/nationpark/aeroporto-afonso-pena/covered?dest=CWB&from=2026-08-24T19%3A00%3A00.000Z&to=2026-08-27T19%3A00%3A00.000Z&src=destino","CWB","0","3","0.00","64.67"
"https://movepark.co/p/nationpark/aeroporto-afonso-pena/premium","CWB","0","17","0.00","71.00"
"https://movepark.co/p/nationpark/aeroporto-afonso-pena/uncovered","CWB","0","16","0.00","66.00"
"https://movepark.co/p/plenty/aeroporto-congonhas/covered","","0","62","0.00","10.87"
"https://movepark.co/p/plenty/aeroporto-congonhas/covered?dest=CGH&src=destino","","0","21","0.00","7.43"
"https://movepark.co/politica-de-privacidade/","","0","26","0.00","21.69"
"https://movepark.co/precos","","0","96","0.00","9.32"
"https://movepark.co/precos/aeroporto-afonso-pena","CWB","0","14","0.00","8.50"
"https://movepark.co/precos/aeroporto-de-congonhas","","0","61","0.00","82.46"
"https://movepark.co/precos/aeroporto-internacional-de-sao-paulo-guarulhos","GRU","0","214","0.00","45.13"
"https://movepark.co/precos/terminal-rodoviario-tiete","","0","12","0.00","11.92"
"https://movepark.co/privacidade","","0","3","0.00","5.00"
"https://movepark.co/pt/agendar-teste/","","0","84","0.00","40.67"
"https://movepark.co/pt/author/diego/","","0","2","0.00","7.50"
"https://movepark.co/pt/blog/","","0","153","0.00","23.72"
"https://movepark.co/pt/blog/page/2/","","0","1","0.00","12.00"
"https://movepark.co/pt/como-encontrar-o-melhor-estacionamento-no-aeroporto-de-guarulhos/","GRU","0","6","0.00","5.00"
"https://movepark.co/pt/como-evitar-problemas-no-estacionamento-do-aeroporto-guarulhos/","GRU","0","53","0.00","7.91"
"https://movepark.co/pt/como-reservar-vaga-no-estacionamento-do-aeroporto-de-viracopos/","VCP","0","2","0.00","9.50"
"https://movepark.co/pt/conheca-os-5-principais-estacionamentos-no-aeroporto-de-guarulhos-em-2023/","GRU","0","261","0.00","83.16"
"https://movepark.co/pt/encontre-sua-vaga-de-estacionamento-no-aeroporto-de-guarulhos/","GRU","0","234","0.00","53.20"
"https://movepark.co/pt/estacionamento-aeroporto-guarulhos-seguranca-do-seu-veiculo-e-prioridade/","GRU","0","32","0.00","13.13"
"https://movepark.co/pt/estacionamento-perto-do-aeroporto-de-guarulhos-reserve-online/","GRU","0","1","0.00","92.00"
"https://movepark.co/pt/estacionamentos/faro/","","0","3735","0.00","56.10"
"https://movepark.co/pt/estacionamentos/porto/","","0","7","0.00","38.86"
"https://movepark.co/pt/onde-estacionar-proximo-ao-aeroporto-de-viracopos/","VCP","0","95","0.00","15.49"
"https://movepark.co/pt/politica-de-privacidade/","","0","5","0.00","60.60"
"https://movepark.co/pt/qual-e-o-melhor-estacionamento-aeroporto-guarulhos-2023/","GRU","0","11","0.00","26.45"
"https://movepark.co/pt/qual-e-o-melhor-estacionamento-aeroporto-viracopos-2022/","VCP","0","21","0.00","10.14"
"https://movepark.co/pt/termos-de-uso/","","0","12","0.00","31.83"
"https://movepark.co/pt/wp-content/uploads/sites/2/2022/08/MG_3032.jpg","","0","5","0.00","19.80"
"https://movepark.co/pt/wp-content/uploads/sites/2/2023/01/Como-encontrar-o-melhor-estacionamento-no-aeroporto-de-Guarulhos.png","GRU","0","1","0.00","9.00"
"https://movepark.co/pt/wp-content/uploads/sites/2/2023/06/parque-aeroporto-lisboa-barato-300x200.jpeg","","0","2","0.00","14.00"
"https://movepark.co/pt/wp-content/uploads/sites/2/2023/06/parque-aeroporto-lisboa-barato.jpeg","","0","1","0.00","8.00"
"https://movepark.co/pt/wp-content/uploads/sites/2/2024/04/estacionamento-aeroporto-faro-algarve.jpg","","0","1","0.00","25.00"
"https://movepark.co/pt/wp-content/uploads/sites/2/2024/04/estacionamento-aeroporto-lisboa.jpeg","","0","1","0.00","47.00"
"https://movepark.co/pt/wp-content/uploads/sites/2/2024/04/parque-aeroporto-lisboa.png","","0","1","0.00","36.00"
"https://movepark.co/search","","0","9","0.00","15.44"
"https://movepark.co/search?dest=BSB","","0","1","0.00","93.00"
"https://movepark.co/search?dest=CGH","","0","19","0.00","45.68"
"https://movepark.co/search?dest=CNF","CNF","0","9","0.00","89.00"
"https://movepark.co/search?dest=GIG","","0","8","0.00","85.75"
"https://movepark.co/search?dest=GRU","GRU","0","2","0.00","24.00"
"https://movepark.co/search?dest=GRU&from=2026-08-24T19%3A00%3A00.000Z&to=2026-08-26T19%3A00%3A00.000Z&src=search","GRU","0","4","0.00","42.00"
"https://movepark.co/search?dest=JPA","","0","1","0.00","73.00"
"https://movepark.co/search?dest=POA","","0","12","0.00","64.67"
"https://movepark.co/search?dest=REC","","0","3","0.00","88.67"
"https://movepark.co/search?dest=SDU","","0","11","0.00","45.55"
"https://movepark.co/search?dest=TIE","","0","1","0.00","31.00"
"https://movepark.co/search?dest=VCP","VCP","0","1","0.00","44.00"
"https://movepark.co/search?dest=centro-sp","","0","3","0.00","14.67"
"https://movepark.co/search?dest=nova-iguacu","","0","1","0.00","9.00"
"https://movepark.co/search?dest=tiete","","0","39","0.00","72.62"
"https://movepark.co/search?dest=tiete&src=search","","0","2","0.00","56.50"
"https://movepark.co/seja-parceiro?lote=adbc7de8-de78-4e08-8454-4ad24d5ab9bb","","0","1","0.00","15.00"
"https://movepark.co/sobre","","0","2","0.00","5.00"
"https://movepark.co/termos","","0","1","0.00","3.00"
"https://movepark.co/wp-content/uploads/2022/09/Vagas-Cobertas-4-e1551982825578.jpeg","","0","3","0.00","22.00"
"https://movepark.co/wp-content/uploads/2022/09/estacionamento-aeroporto-de-viracopos-campinas-730x390-c-default-364x256.png","VCP","0","1","0.00","24.00"
"https://movepark.co/wp-content/uploads/2022/09/estacionamento-aeroporto-viracopos10-1-730x390-c-default-364x256.jpeg","","0","1","0.00","24.00"
"https://movepark.co/wp-content/uploads/2022/09/estacionamento-virapark-1.jpeg","","0","2","0.00","19.50"
"https://movepark.co/wp-content/uploads/2023/01/Como-encontrar-o-melhor-estacionamento-no-aeroporto-de-Guarulhos-364x256.png","GRU","0","1","0.00","14.00"
"https://movepark.co/wp-content/uploads/2023/05/WhatsApp-Image-2023-02-16-at-10.34.12.jpeg","","0","1","0.00","9.00"
"https://movepark.co/wp-content/uploads/2023/06/DJI_0009-copy.jpg","","0","3","0.00","15.00"
"https://movepark.co/wp-content/uploads/2023/06/DJI_0036-copy-scaled.jpg","","0","6","0.00","16.00"
"https://movepark.co/wp-content/uploads/2023/06/DJI_0207-copy.jpg","","0","1","0.00","3.00"
"https://movepark.co/wp-content/uploads/2023/06/DJI_0223-copy.jpg","","0","2","0.00","27.50"
"https://movepark.co/wp-content/uploads/2023/06/IMG_5933-copy-scaled.jpg","","0","1","0.00","30.00"
"https://movepark.co/wp-content/uploads/2023/06/IMG_5952-copy-scaled.jpg","","0","2","0.00","17.50"
"https://movepark.co/wp-content/uploads/2023/06/IMG_5964-copy-scaled.jpg","","0","2","0.00","26.00"
"https://movepark.co/wp-content/uploads/2023/06/IMG_6119-copy-scaled.jpg","","0","1","0.00","4.00"
"https://movepark.co/wp-content/uploads/2023/06/estacionamento-aeroporto-afonso-pena-cwb-curitiba.jpeg","CWB","0","1","0.00","14.00"
"https://movepark.co/wp-content/uploads/2023/06/estacionamento-aeroporto-curitiba-cwb.jpeg","CWB","0","1","0.00","18.00"
"https://movepark.co/wp-content/uploads/2023/06/estacionamento-perto-aeroporto-afonso-pena.jpeg","CWB","0","3","0.00","18.00"
"https://movepark.co/wp-content/uploads/2023/06/melhor-estacionamento-aeroporto-afonso-pena.jpeg","CWB","0","1","0.00","16.00"
"https://movepark.co/wp-content/uploads/2023/07/estacionamento-proximo-aeroporto-guarulhos.jpg","GRU","0","1","0.00","13.00"
"https://movepark.co/wp-content/uploads/2023/08/DJI_0036-copy-scaled.jpg","","0","1","0.00","21.00"
"https://movepark.co/wp-content/uploads/2024/01/2ef4cb69ab9d39cc34ef3a1f909e43b0-gpMedium.jpeg","","0","5","0.00","18.20"
"https://movepark.co/wp-content/uploads/2024/01/Aeroporto-de-Curitiba-scaled-1.jpeg","CWB","0","21","0.00","9.67"
"https://movepark.co/wp-content/uploads/2024/01/aeroporto_curitiba.jpeg","CWB","0","4","0.00","21.75"
"https://movepark.co/wp-content/uploads/2024/01/c2beee395e2269227a10184649a8f62d-gpMedium.jpeg","","0","1","0.00","22.00"
"https://movepark.co/wp-content/uploads/2024/01/estacionamento-gru-airport-cumbica.jpeg","GRU","0","3","0.00","7.00"
"https://movepark.co/wp-content/uploads/2024/02/como-escolher-o-melhor-estacionamento-aeroporto-viracopos.jpg","VCP","0","12","0.00","20.50"
"https://movepark.co/wp-content/uploads/2024/03/estacionamento-aeroporto-guarulhos-com-traslado.jpeg","GRU","0","1","0.00","7.00"
"https://movepark.co/wp-content/uploads/2024/03/estacionamento-aeroporto-viracopos-campinas.jpg","VCP","0","1","0.00","16.00"
"https://movepark.co/wp-content/uploads/2024/06/aeroporto-de-lisboa.jpg","","0","8","0.00","16.00"
"https://movepark.co/wp-content/uploads/2024/06/lisboa-aeroporto.jpg","","0","5","0.00","15.20"
"https://movepark.co/wp-content/uploads/2024/06/mapa-estacionamento-aeroporto-guarulhos.jpg","GRU","0","49","0.00","20.53"
"https://movepark.co/wp-content/uploads/2024/07/aeroporto-confins-interno.jpg","CNF","0","23","0.00","17.04"
"https://movepark.co/wp-content/uploads/2024/07/aeroporto-confins.jpg","CNF","0","2","0.00","14.50"
"https://movepark.co/wp-content/uploads/2024/07/aeroporto-congonhas.webp","","0","29","0.00","14.69"
"https://movepark.co/wp-content/uploads/2025/01/guia-completo-estacionamento-aeroporto-confins.jpeg","CNF","0","4","0.00","18.75"
"https://movepark.co/wp-content/uploads/2025/01/guia-completo-estacionamento-aeroporto-congonhas-sp.webp","","0","2","0.00","8.00"
"https://movepark.co/wp-content/uploads/2025/02/estacionamento-aeroporto-confins-364x256.webp","CNF","0","1","0.00","21.00"
"https://movepark.co/wp-content/uploads/2025/02/estacionamento-aeroporto-curitiba-afonso-pena.webp","CWB","0","1","0.00","24.00"
"https://movepark.co/wp-content/uploads/2025/02/estacionamento-aeroporto-navegantes.webp","","0","1","0.00","4.00"
"https://movepark.co/wp-content/uploads/2025/02/estacionamento-congonhas.webp","","0","2","0.00","11.50"
"https://movepark.co/wp-content/uploads/2025/03/Aeropark-Parking-Photo-1.jpg","","0","3","0.00","18.67"
"https://movepark.co/wp-content/uploads/2025/03/Aeropark-Parking-Photo-4.jpg","","0","1","0.00","12.00"
"https://movepark.co/wp-content/uploads/2025/03/Aeropark-Parking-Photo-6.jpg","","0","2","0.00","6.00"
"https://movepark.co/wp-content/uploads/2025/03/Aeropark-Parking-Photo.jpg","","0","1","0.00","27.00"
"https://movepark.co/wp-content/uploads/2025/07/Foto-2-2-scaled.jpeg","","0","1","0.00","6.00"
"https://movepark.co/wp-content/uploads/2025/07/Screenshot-2025-07-01-at-09.37.31.png","","0","10","0.00","16.70"
"https://movepark.co/wp-content/uploads/2025/09/estacionamento-aeroporto-guarulhos-movepark-364x256.png","GRU","0","2","0.00","13.50"
"https://movepark.co/wp-content/uploads/2025/09/estacionamento-aeroporto-guarulhos-movepark.png","GRU","0","1","0.00","59.00"
"https://movepark.co/wp-content/uploads/2025/09/estacionamento-vcp-aeroporto-campinas-364x256.jpg","VCP","0","1","0.00","22.00"
"https://movepark.co/wp-content/uploads/2025/09/movepark-estacionamento-aeroporto-guarulhos-parceiro-364x256.jpg","GRU","0","1","0.00","13.00"
"https://movepark.co/wp-content/uploads/2025/09/qual-melhor-estacionamento-aeroporto-viracopos-1024x683.jpg","VCP","0","1","0.00","16.00"
"https://movepark.co/wp-content/uploads/2025/09/qual-melhor-estacionamento-aeroporto-viracopos-364x256.jpg","VCP","0","1","0.00","7.00"
"https://movepark.co/wp-content/uploads/2025/11/2023-09-20.webp","","0","2","0.00","7.00"
"https://moveparking.movepark.co/","","0","36","0.00","10.47"
"https://n8n.movepark.co/","","0","36","0.00","11.50"
"https://nationpark.movepark.co/aeroporto-afonso-pena/vaga-coberta","CWB","0","290","0.00","11.37"
"https://nationpark.movepark.co/aeroporto-afonso-pena/vaga-descoberta","CWB","0","130","0.00","13.92"
"https://nationpark.movepark.co/aeroporto-afonso-pena/vaga-descoberta/vehicle","CWB","0","79","0.00","15.51"
"https://nationpark.movepark.co/login","","0","2","0.00","8.50"
"https://nationpark.movepark.co/login?callbackUrl=%2Fprofile%2Fvehicles","","0","4","0.00","6.75"
"https://nationpark.movepark.co/minhaconta/login","","0","40","0.00","11.63"
"https://nationpark.movepark.co/privacy-policy","","0","19","0.00","30.84"
"https://nationpark.movepark.co/pt-br/aeroporto-afonso-pena/vaga-coberta","CWB","0","3","0.00","5.00"
"https://nine.movepark.co/","","0","5","0.00","40.80"
"https://plenty.movepark.co/paris/vaga-coberta","","0","3","0.00","7.67"
"https://plenty.movepark.co/privacy-policy","","0","15","0.00","15.47"
"https://redpark.movepark.co/","","0","5","0.00","55.60"
"https://skypark.movepark.co/login?callbackUrl=%2Fprofile","","0","1","0.00","7.00"
"https://skypark.movepark.co/login?callbackUrl=%2Fprofile%2Fmy-reservations","","0","3","0.00","9.67"
"https://virapark.movepark.co/?trk=public_profile_project-title","","0","2","0.00","7.50"
"https://virapark.movepark.co/[category]/[product]","","0","14","0.00","21.29"
"https://virapark.movepark.co/[category]/[product]/vehicle","","0","37","0.00","21.35"
"https://virapark.movepark.co/login?callbackUrl=%2Fprofile%2Fmy-reservations","","0","6","0.00","7.50"
"https://virapark.movepark.co/privacy-policy","","0","1","0.00","1.00"
"https://virapark.movepark.co/virapark/vaga-coberta","","0","3","0.00","1.67"
"https://virapark.movepark.co/virapark/vaga-coberta/payment","","0","7","0.00","38.14"
"https://virapark.movepark.co/virapark/vaga-coberta/vehicle","","0","3","0.00","30.33"
"https://www.movepark.co/blog/top-3-estacionamentos-do-aeroporto-de-confins/","CNF","0","23","0.00","3.26"
"https://www.movepark.co/blog/top-3-estacionamentos-do-aeroporto-de-congonhas/","","0","2","0.00","1.50"
