"consulta","aeroporto","cluster","clusters_casados","cliques","impressoes","ctr","posicao"
"garageinn viracopos - estacione dentro do aeroporto de viracopos","VCP","proximidade","proximidade","81","7733","1.05","5.71"
"estacionamento viracopos preço","VCP","preco","preco","41","5935","0.69","10.54"
"valor estacionamento aeroporto curitiba","CWB","preco","preco","39","2630","1.48","10.36"
"estacionamentos aeroporto curitiba preços","CWB","preco","preco","32","1150","2.78","11.29"
"estacionamento aeroporto curitiba barato","CWB","barato","barato","28","760","3.68","11.71"
"estacionamento aeroporto viracopos preço","VCP","preco","preco","25","3262","0.77","14.25"
"estacionamento perto do aeroporto de campinas","VCP","proximidade","proximidade","23","1220","1.89","13.51"
"valor estacionamento aeroporto viracopos","VCP","preco","preco","22","2712","0.81","9.94"
"estacionamento viracopos promoção","VCP","barato","barato","19","745","2.55","9.90"
"estacionamento em viracopos preço","VCP","preco","preco","16","1174","1.36","12.89"
"estacionamento perto do aeroporto afonso pena","CWB","proximidade","proximidade","14","443","3.16","9.72"
"estacionamento viracopos barato","VCP","barato","barato","14","391","3.58","8.86"
"estacionamento proximo aeroporto viracopos","VCP","proximidade","proximidade","13","1015","1.28","16.37"
"estacionamento próximo ao aeroporto de viracopos","VCP","proximidade","proximidade","12","643","1.87","13.70"
"qual o melhor estacionamento perto do aeroporto de guarulhos","GRU","proximidade","proximidade","12","663","1.81","14.11"
"valor do estacionamento no aeroporto de curitiba","CWB","preco","preco","12","381","3.15","8.43"
"estacionamento proximo ao aeroporto viracopos","VCP","proximidade","proximidade","11","817","1.35","16.30"
"preço estacionamento aeroporto curitiba","CWB","preco","preco","11","742","1.48","10.25"
"estacionamento aeroporto curitiba preço","CWB","preco","preco","10","624","1.60","10.69"
"estacionamento aeroporto guarulhos barato","GRU","barato","barato","9","809","1.11","35.12"
"estacionamento barato aeroporto viracopos","VCP","barato","barato","9","129","6.98","8.33"
"estacionamento dentro do aeroporto viracopos","VCP","proximidade","proximidade","9","820","1.10","7.76"
"estacionamento em campinas perto do aeroporto","VCP","proximidade","proximidade","9","565","1.59","6.39"
"estacionamento perto aeroporto viracopos","VCP","proximidade","proximidade","9","441","2.04","6.90"
"estacionamento perto de viracopos","VCP","proximidade","proximidade","9","833","1.08","17.00"
"estacionamento proximo aeroporto afonso pena","CWB","proximidade","proximidade","9","705","1.28","11.44"
"estacionamento aeroporto curitiba mais barato","CWB","barato","barato","8","166","4.82","6.63"
"estacionamento barato viracopos","VCP","barato","barato","8","574","1.39","16.13"
"estacionamento perto viracopos","VCP","proximidade","proximidade","8","254","3.15","6.43"
"estacionamento próximo a viracopos","VCP","proximidade","proximidade","8","209","3.83","7.15"
"estacionamento próximo ao aeroporto de campinas","VCP","proximidade","proximidade","8","365","2.19","6.68"
"valor estacionamento aeroporto afonso pena","CWB","preco","preco","8","579","1.38","7.55"
"avaliações sobre garageinn viracopos - estacione dentro do aeroporto de viracopos","VCP","proximidade","proximidade","7","2747","0.25","8.50"
"estacionamento aeroporto guarulhos mais barato","GRU","barato","barato","7","598","1.17","30.62"
"estacionamento barato aeroporto curitiba","CWB","barato","barato","7","183","3.83","6.08"
"estacionamento dentro do aeroporto afonso pena","CWB","proximidade","proximidade","7","309","2.27","8.34"
"estacionamento perto aeroporto campinas","VCP","proximidade","proximidade","7","213","3.29","6.09"
"estacionamento perto do aeroporto viracopos","VCP","proximidade","proximidade","7","236","2.97","6.61"
"estacionamento proximo viracopos","VCP","proximidade","proximidade","7","633","1.11","21.58"
"estacionamento próximo ao aeroporto afonso pena","CWB","proximidade","proximidade","7","396","1.77","11.55"
"estacionamento viracopos mais barato","VCP","barato","barato","7","168","4.17","10.50"
"preço estacionamento aeroporto afonso pena","CWB","preco","preco","7","569","1.23","16.53"
"diaria aeroporto curitiba","CWB","preco","preco","6","208","2.88","8.22"
"estacionamento aeroporto afonso pena mais barato","CWB","barato","barato","6","403","1.49","5.11"
"estacionamento dentro do aeroporto de viracopos","VCP","proximidade","proximidade","6","434","1.38","8.29"
"estacionamento econômico viracopos","VCP","barato","barato","6","254","2.36","8.80"
"estacionamento proximo a viracopos","VCP","proximidade","proximidade","6","623","0.96","20.19"
"estacionamento próximo ao aeroporto de guarulhos","GRU","proximidade","proximidade","6","1260","0.48","43.17"
"preço estacionamento aeroporto viracopos","VCP","preco","preco","6","679","0.88","9.26"
"estacionamento em campinas proximo ao aeroporto","VCP","proximidade","proximidade","5","147","3.40","5.30"
"estacionamento mais barato aeroporto guarulhos","GRU","barato","barato","5","211","2.37","11.06"
"estacionamento perto aeroporto curitiba","CWB","proximidade","proximidade","5","156","3.21","8.94"
"estacionamento perto do aeroporto de viracopos","VCP","proximidade","proximidade","5","554","0.90","11.67"
"estacionamento proximo aeroporto campinas","VCP","proximidade","proximidade","5","258","1.94","7.17"
"estacionamento proximo aeroporto guarulhos","GRU","proximidade","proximidade","5","2171","0.23","47.05"
"estacionamento próximo aeroporto de viracopos","VCP","proximidade","proximidade","5","226","2.21","7.12"
"preço estacionamento viracopos","VCP","preco","preco","5","1216","0.41","9.00"
"valores estacionamento aeroporto curitiba","CWB","preco","preco","5","249","2.01","9.39"
"bolsao economico viracopos","VCP","barato","barato","4","260","1.54","9.18"
"diaria estacionamento aeroporto de curitiba","CWB","preco","preco","4","304","1.32","8.86"
"estacionamento aeroporto afonso pena valor","CWB","preco","preco","4","155","2.58","8.06"
"estacionamento aeroporto confins mais barato","CNF","barato","barato","4","274","1.46","17.74"
"estacionamento em viracopos barato","VCP","barato","barato","4","184","2.17","8.35"
"estacionamento perto do aeroporto de curitiba","CWB","proximidade","proximidade","4","151","2.65","11.94"
"estacionamento proximo ao aeroporto curitiba","CWB","proximidade","proximidade","4","176","2.27","17.14"
"estacionamento próximo aeroporto curitiba","CWB","proximidade","proximidade","4","123","3.25","10.38"
"estacionamentos perto de viracopos","VCP","proximidade","proximidade","4","138","2.90","7.01"
"qual o melhor estacionamento perto do aeroporto de confins","CNF","proximidade","proximidade","4","50","8.00","6.42"
"qual o valor do estacionamento do aeroporto de guarulhos","GRU","preco","preco","4","510","0.78","28.16"
"quanto custa deixar o carro no aeroporto de curitiba","CWB","preco","preco","4","94","4.26","7.29"
"valor diaria estacionamento aeroporto curitiba","CWB","preco","preco","4","340","1.18","6.56"
"valor diaria estacionamento aeroporto viracopos","VCP","preco","preco","4","397","1.01","8.88"
"valor do estacionamento dentro do aeroporto de confins","CNF","proximidade","proximidade preco","4","350","1.14","12.71"
"diaria estacionamento aeroporto curitiba","CWB","preco","preco","3","100","3.00","7.92"
"diaria estacionamento aeroporto viracopos","VCP","preco","preco","3","329","0.91","7.86"
"diaria no aeroporto de guarulhos","GRU","preco","preco","3","207","1.45","18.40"
"diária estacionamento aeroporto curitiba","CWB","preco","preco","3","359","0.84","8.76"
"estacionamento aeroporto confins melhor preço","CNF","preco","preco","3","55","5.45","9.24"
"estacionamento barato em viracopos","VCP","barato","barato","3","72","4.17","8.14"
"estacionamento barato perto de viracopos","VCP","proximidade","proximidade barato","3","66","4.55","6.30"
"estacionamento dentro do aeroporto de confins","CNF","proximidade","proximidade","3","441","0.68","13.95"
"estacionamento em guarulhos perto do aeroporto","GRU","proximidade","proximidade","3","119","2.52","41.14"
"estacionamento oficial econômico aeroporto de viracopos","VCP","barato","barato","3","452","0.66","8.54"
"estacionamento perto aeroporto viracopos campinas","VCP","proximidade","proximidade","3","35","8.57","7.94"
"estacionamento próximo aeroporto de campinas","VCP","proximidade","proximidade","3","217","1.38","6.96"
"estacionamento viracopos diaria","VCP","preco","preco","3","197","1.52","7.61"
"melhor estacionamento perto do aeroporto de guarulhos","GRU","proximidade","proximidade","3","68","4.41","28.53"
"preco estacionamento afonso pena","CWB","preco","preco","3","91","3.30","3.97"
"qual o valor do estacionamento do aeroporto de curitiba","CWB","preco","preco","3","150","2.00","8.93"
"qual o valor do estacionamento do aeroporto de viracopos","VCP","preco","preco","3","367","0.82","8.75"
"quanto custa estacionamento aeroporto curitiba","CWB","preco","preco","3","209","1.44","9.40"
"quanto custa o estacionamento do aeroporto afonso pena","CWB","preco","preco","3","95","3.16","4.57"
"valor do estacionamento do aeroporto de viracopos","VCP","preco","preco","3","447","0.67","7.84"
"valor do estacionamento no aeroporto de viracopos","VCP","preco","preco","3","384","0.78","8.58"
"valor estacionamento aeroporto campinas","VCP","preco","preco","3","471","0.64","8.43"
"valor estacionamento aeroporto guarulhos","GRU","preco","preco","3","1351","0.22","13.30"
"valor estacionamento viracopos","VCP","preco","preco","3","1214","0.25","8.41"
"custo estacionamento viracopos","VCP","preco","preco","2","144","1.39","8.92"
"desconto estacionamento aeroporto curitiba","CWB","barato","barato","2","82","2.44","5.07"
"diaria estacionamento viracopos","VCP","preco","preco","2","1483","0.13","10.30"
"diária estacionamento aeroporto afonso pena","CWB","preco","preco","2","195","1.03","8.92"
"diária estacionamento aeroporto guarulhos","GRU","preco","preco","2","432","0.46","33.67"
"estacionamento aeroporto campinas valor","VCP","preco","preco","2","299","0.67","7.93"
"estacionamento aeroporto curitiba valor","CWB","preco","preco","2","179","1.12","9.37"
"estacionamento aeroporto guarulhos valor","GRU","preco","preco","2","295","0.68","19.42"
"estacionamento barato aeroporto guarulhos","GRU","barato","barato","2","181","1.10","37.85"
"estacionamento barato em guarulhos","GRU","barato","barato","2","158","1.27","37.99"
"estacionamento confins mais barato","CNF","barato","barato","2","35","5.71","21.71"
"estacionamento dentro aeroporto viracopos","VCP","proximidade","proximidade","2","147","1.36","5.41"
"estacionamento dentro de viracopos","VCP","proximidade","proximidade","2","217","0.92","7.52"
"estacionamento gru barato","GRU","barato","barato","2","61","3.28","38.16"
"estacionamento guarulhos mais barato","GRU","barato","barato","2","231","0.87","29.19"
"estacionamento mais barato aeroporto curitiba","CWB","barato","barato","2","44","4.55","7.93"
"estacionamento perto aeroporto guarulhos","GRU","proximidade","proximidade","2","1015","0.20","47.10"
"estacionamento proximo aeroporto confins","CNF","proximidade","proximidade","2","191","1.05","17.68"
"estacionamento proximo aeroporto viracopos campinas","VCP","proximidade","proximidade","2","29","6.90","5.97"
"estacionamento proximo ao aeroporto de campinas","VCP","proximidade","proximidade","2","161","1.24","7.20"
"estacionamento proximo ao aeroporto de viracopos","VCP","proximidade","proximidade","2","82","2.44","5.46"
"estacionamento próximo aeroporto afonso pena","CWB","proximidade","proximidade","2","247","0.81","10.06"
"estacionamento próximo ao aeroporto de curitiba","CWB","proximidade","proximidade","2","142","1.41","9.20"
"estacionamento próximo ao aeroporto de guarulhos mais barato","GRU","proximidade","proximidade barato","2","67","2.99","22.54"
"estacionamento próximo ao aeroporto viracopos","VCP","proximidade","proximidade","2","103","1.94","6.96"
"estacionamento próximo viracopos","VCP","proximidade","proximidade","2","132","1.52","7.11"
"estacionamentos perto do aeroporto de viracopos","VCP","proximidade","proximidade","2","136","1.47","5.80"
"estapar viracopos economico","VCP","barato","barato","2","8","25.00","8.50"
"preco estacionamento guarulhos","GRU","preco","preco","2","77","2.60","24.36"
"preco estacionamento viracopos","VCP","preco","preco","2","314","0.64","8.63"
"qual estacionamento mais proximo do aeroporto de confins","CNF","proximidade","proximidade","2","16","12.50","7.81"
"quanto custa deixar o carro no aeroporto de guarulhos","GRU","preco","preco","2","157","1.27","27.58"
"quanto custa o estacionamento do aeroporto de viracopos","VCP","preco","preco","2","382","0.52","9.14"
"valor da diaria do estacionamento do aeroporto de viracopos","VCP","preco","preco","2","258","0.78","9.21"
"valor da diaria estacionamento aeroporto guarulhos","GRU","preco","preco","2","105","1.90","36.11"
"valor diaria estacionamento viracopos","VCP","preco","preco","2","230","0.87","7.65"
"valor do estacionamento do aeroporto de guarulhos","GRU","preco","preco","2","908","0.22","17.95"
"valor estacionamento aeroporto guarulhos terminal 2","GRU","preco","preco","2","281","0.71","13.83"
"viracopos estacionamento preço","VCP","preco","preco","2","159","1.26","8.96"
"aeroporto viracopos estacionamento preço","VCP","preco","preco","1","460","0.22","11.42"
"cupom de desconto virapark campinas","VCP","barato","barato","1","13","7.69","12.15"
"desconto estacionamento viracopos","VCP","barato","barato","1","80","1.25","7.96"
"diaria aeroporto guarulhos","GRU","preco","preco","1","461","0.22","17.66"
"diaria estacionamento confins","CNF","preco","preco","1","102","0.98","23.74"
"distancia virapark aeroporto viracopos","VCP","proximidade","proximidade","1","336","0.30","7.93"
"diária de r$ 9,90 a partir da 5ª diária - estacionamento aeroporto confins - multipark","CNF","preco","preco","1","78","1.28","10.45"
"diária do estacionamento do aeroporto de guarulhos","GRU","preco","preco","1","86","1.16","36.00"
"edificio garagem viracopos preço","VCP","preco","preco","1","32","3.13","7.97"
"estacionamento aeroporto de campinas preço","VCP","preco","preco","1","326","0.31","10.08"
"estacionamento aeroporto de guarulhos barato","GRU","barato","barato","1","10","10.00","7.10"
"estacionamento aeroporto guarulhos diaria","GRU","preco","preco","1","112","0.89","40.10"
"estacionamento aeroporto guarulhos mais proximo","GRU","proximidade","proximidade","1","1","100.00","2.00"
"estacionamento aeroporto viracopos valor","VCP","preco","preco","1","117","0.85","10.52"
"estacionamento barato aeroporto confins","CNF","barato","barato","1","2","50.00","13.00"
"estacionamento barato no aeroporto de guarulhos","GRU","barato","barato","1","5","20.00","5.00"
"estacionamento confins preço","CNF","preco","preco","1","11","9.09","11.91"
"estacionamento dentro do aeroporto de guarulhos","GRU","proximidade","proximidade","1","407","0.25","33.54"
"estacionamento dentro viracopos","VCP","proximidade","proximidade","1","49","2.04","3.55"
"estacionamento economico aeroporto guarulhos","GRU","barato","barato","1","3","33.33","14.33"
"estacionamento economico aeroporto viracopos","VCP","barato","barato","1","3","33.33","11.67"
"estacionamento economico viracopos","VCP","barato","barato","1","392","0.26","12.87"
"estacionamento em viracopos valor","VCP","preco","preco","1","49","2.04","4.20"
"estacionamento guarulhos barato","GRU","barato","barato","1","90","1.11","27.16"
"estacionamento guarulhos preço","GRU","preco","preco","1","907","0.11","38.77"
"estacionamento mais barato aeroporto confins","CNF","barato","barato","1","11","9.09","2.73"
"estacionamento oficial economico aeroporto de viracopos","VCP","barato","barato","1","224","0.45","15.36"
"estacionamento perto aeroporto afonso pena","CWB","proximidade","proximidade","1","3","33.33","13.00"
"estacionamento perto confins","CNF","proximidade","proximidade","1","14","7.14","16.64"
"estacionamento perto de viracopos campinas","VCP","proximidade","proximidade","1","104","0.96","4.16"
"estacionamento perto do aeroporto de guarulhos","GRU","proximidade","proximidade","1","2023","0.05","38.55"
"estacionamento proximo a guarulhos","GRU","proximidade","proximidade","1","39","2.56","41.59"
"estacionamento proximo aeroporto de guarulhos","GRU","proximidade","proximidade","1","56","1.79","48.59"
"estacionamento proximo ao aeroporto confins","CNF","proximidade","proximidade","1","83","1.20","22.66"
"estacionamento proximo ao aeroporto guarulhos","GRU","proximidade","proximidade","1","1067","0.09","46.14"
"estacionamento próximo a confins","CNF","proximidade","proximidade","1","5","20.00","20.40"
"estacionamento próximo aeroporto de guarulhos","GRU","proximidade","proximidade","1","659","0.15","47.58"
"estacionamento próximo aeroporto viracopos","VCP","proximidade","proximidade","1","212","0.47","7.45"
"estacionamento próximo ao aeroporto guarulhos","GRU","proximidade","proximidade","1","520","0.19","44.40"
"estacionamento viracopos dentro do aeroporto","VCP","proximidade","proximidade","1","186","0.54","4.39"
"estacionamento viracopos desconto azul","VCP","barato","barato","1","29","3.45","15.07"
"estacionamento viracopos preco","VCP","preco","preco","1","120","0.83","9.60"
"estacionamento viracopos valor","VCP","preco","preco","1","508","0.20","11.29"
"estacionamentos perto do aeroporto afonso pena","CWB","proximidade","proximidade","1","24","4.17","9.33"
"estacionamentos perto do aeroporto de curitiba","CWB","proximidade","proximidade","1","85","1.18","9.28"
"estacionamentos perto do aeroporto de guarulhos","GRU","proximidade","proximidade","1","211","0.47","34.03"
"estacionamentos proximo aeroporto confins","CNF","proximidade","proximidade","1","12","8.33","8.17"
"estacionamentos próximo aeroporto de guarulhos","GRU","proximidade","proximidade","1","81","1.23","41.98"
"imagens de garageinn viracopos - estacione dentro do aeroporto de viracopos","VCP","proximidade","proximidade","1","174","0.57","8.20"
"preco estacionamento gru","GRU","preco","preco","1","292","0.34","18.67"
"preço diaria estacionamento viracopos","VCP","preco","preco","1","154","0.65","7.08"
"preço estacionamento aeroporto guarulhos","GRU","preco","preco","1","1119","0.09","24.11"
"preço estacionamento confins","CNF","preco","preco","1","45","2.22","15.16"
"preço estacionamento guarulhos","GRU","preco","preco","1","574","0.17","41.82"
"preço estacionamento viracopos campinas","VCP","preco","preco","1","70","1.43","10.41"
"qual estacionamento fica dentro do aeroporto de viracopos","VCP","proximidade","proximidade","1","121","0.83","5.90"
"qual estacionamento mais barato aeroporto guarulhos","GRU","barato","barato","1","13","7.69","1.00"
"qual estacionamento mais barato em confins","CNF","barato","barato","1","31","3.23","8.97"
"qual o estacionamento dentro do aeroporto de viracopos","VCP","proximidade","proximidade","1","103","0.97","3.17"
"qual o preço do estacionamento do aeroporto de guarulhos","GRU","preco","preco","1","97","1.03","24.84"
"qual o valor da diária do estacionamento do aeroporto de guarulhos","GRU","preco","preco","1","111","0.90","22.65"
"qual o valor da diária no aeroporto de guarulhos","GRU","preco","preco","1","129","0.78","22.29"
"qual o valor do estacionamento do aeroporto de confins","CNF","preco","preco","1","29","3.45","3.48"
"qual o valor do estacionamento no aeroporto de confins","CNF","preco","preco","1","52","1.92","4.21"
"qual o valor do estacionamento no aeroporto de curitiba","CWB","preco","preco","1","31","3.23","8.26"
"qual valor diaria estacionamento aeroporto guarulhos","GRU","preco","preco","1","54","1.85","38.06"
"qual valor do estacionamento do aeroporto de guarulhos","GRU","preco","preco","1","239","0.42","20.94"
"quanto custa deixar o carro no aeroporto de viracopos","VCP","preco","preco","1","334","0.30","7.83"
"quanto custa estacionamento no aeroporto de guarulhos","GRU","preco","preco","1","195","0.51","21.24"
"quanto custa o estacionamento do aeroporto de guarulhos","GRU","preco","preco","1","404","0.25","18.07"
"valor da diaria no estacionamento do aeroporto de guarulhos","GRU","preco","preco","1","93","1.08","26.17"
"valor diaria estacionamento aeroporto afonso pena","CWB","preco","preco","1","117","0.85","7.24"
"valor diaria estacionamento confins","CNF","preco","preco","1","37","2.70","10.08"
"valor do estacionamento de viracopos","VCP","preco","preco","1","124","0.81","9.32"
"valor do estacionamento do aeroporto de campinas","VCP","preco","preco","1","166","0.60","9.60"
"valor do estacionamento do aeroporto de curitiba","CWB","preco","preco","1","178","0.56","8.89"
"valor estacionamento aeroporto confins","CNF","preco","preco","1","282","0.35","10.23"
"valor estacionamento aeroporto viracopos campinas","VCP","preco","preco","1","323","0.31","9.71"
"valor estacionamento dentro aeroporto guarulhos","GRU","proximidade","proximidade preco","1","289","0.35","11.45"
"valor estacionamento viracopos campinas","VCP","preco","preco","1","146","0.68","9.90"
"valores do estacionamento do aeroporto de guarulhos","GRU","preco","preco","1","60","1.67","28.80"
"acm guarulhos preços","GRU","preco","preco","0","1","0.00","1.00"
"aeroporto confins hotel proximo","CNF","proximidade","proximidade","0","1","0.00","2.00"
"aeroporto curitiba estacionamento valor","CWB","preco","preco","0","11","0.00","9.82"
"aeroporto de belo horizonte por dentro","CNF","proximidade","proximidade","0","2","0.00","4.50"
"aeroporto de confins por dentro","CNF","proximidade","proximidade","0","158","0.00","6.64"
"aeroporto de guarulhos estacionamento preço","GRU","preco","preco","0","103","0.00","43.17"
"aeroporto de guarulhos estacionamento valor","GRU","preco","preco","0","105","0.00","46.46"
"aeroporto de guarulhos valor do estacionamento","GRU","preco","preco","0","1","0.00","1.00"
"aeroporto de viracopos por dentro","VCP","proximidade","proximidade","0","9","0.00","18.78"
"aeroporto guarulhos distancia","GRU","proximidade","proximidade","0","1","0.00","1.00"
"aeroporto guarulhos estacionamento barato","GRU","barato","barato","0","73","0.00","43.95"
"aeroporto guarulhos estacionamento preço","GRU","preco","preco","0","11","0.00","40.64"
"aeroporto mais perto de campinas","VCP","proximidade","proximidade","0","1","0.00","1.00"
"aeroporto mais perto de campinas sp","VCP","proximidade","proximidade","0","2","0.00","1.00"
"aeroporto mais perto de curitiba","CWB","proximidade","proximidade","0","1","0.00","3.00"
"aeroporto mais proximo de campinas","VCP","proximidade","proximidade","0","1","0.00","1.00"
"aeroporto mais proximo de campinas sp","VCP","proximidade","proximidade","0","1","0.00","1.00"
"aeroporto mais proximo de curitiba","CWB","proximidade","proximidade","0","1","0.00","3.00"
"aeroporto mais próximo de curitiba","CWB","proximidade","proximidade","0","2","0.00","2.00"
"aeroporto perto de campinas","VCP","proximidade","proximidade","0","4","0.00","1.50"
"aeroporto perto de campinas sp","VCP","proximidade","proximidade","0","1","0.00","3.00"
"aeroporto perto de curitiba","CWB","proximidade","proximidade","0","3","0.00","2.33"
"aeroporto proximo a curitiba","CWB","proximidade","proximidade","0","2","0.00","2.00"
"aeroporto proximo de curitiba","CWB","proximidade","proximidade","0","1","0.00","13.00"
"aeroporto viracopos hotel proximo","VCP","proximidade","proximidade","0","1","0.00","2.00"
"aluguel de carros -- guarulhos preços","GRU","preco","preco","0","1","0.00","1.00"
"aluguel de carros guarulhos preços","GRU","preco","preco","0","1","0.00","1.00"
"avaliações sobre jfparking - estacionamento econômico e seguro em viracopos campinas","VCP","barato","barato","0","4","0.00","14.00"
"bairro perto do aeroporto viracopos","VCP","proximidade","proximidade","0","1","0.00","2.00"
"bairros próximo ao aeroporto de guarulhos","GRU","proximidade","proximidade","0","1","0.00","1.00"
"br parking guarulhos preço","GRU","preco","preco","0","25","0.00","46.64"
"campinas congonhas distancia","VCP","proximidade","proximidade","0","3","0.00","79.67"
"central park confins diárias a partir de r$ 20","CNF","preco","preco","0","15","0.00","9.80"
"central park confins diárias a partir de r$ 20 fotos","CNF","preco","preco","0","3","0.00","12.00"
"central park confins diárias a partir de r$ 22,00","CNF","preco","preco","0","135","0.00","10.78"
"como funcionam os estacionamentos de longa permanência perto do aeroporto de guarulhos","GRU","proximidade","proximidade","0","30","0.00","42.80"
"como funcionam os estacionamentos de longa permanência perto do aeroporto de guarulhos?","GRU","proximidade","proximidade","0","2","0.00","12.00"
"cupom de desconto estacionamento aeroporto confins","CNF","barato","barato","0","1","0.00","1.00"
"cupom de desconto estapar viracopos","VCP","barato","barato","0","4","0.00","9.75"
"cupom de desconto indigo neo guarulhos","GRU","barato","barato","0","1","0.00","3.00"
"cupom desconto estacionamento aeroporto confins","CNF","barato","barato","0","1","0.00","3.00"
"cupom desconto estacionamento confins","CNF","barato","barato","0","5","0.00","1.40"
"cupom desconto estacionamento gru airport","GRU","barato","barato","0","2","0.00","2.00"
"cupom desconto estapar viracopos","VCP","barato","barato","0","9","0.00","13.22"
"cupom desconto indigo estacionamento guarulhos","GRU","barato","barato","0","5","0.00","19.60"
"cupom estacionamento aeroporto confins","CNF","barato","barato","0","3","0.00","3.33"
"cupom estapar viracopos","VCP","barato","barato","0","7","0.00","21.86"
"custo do estacionamento no aeroporto de guarulhos","GRU","preco","preco","0","1","0.00","1.00"
"custo estacionamento aeroporto guarulhos","GRU","preco","preco","0","110","0.00","29.99"
"dentro do aeroporto de guarulhos","GRU","proximidade","proximidade","0","1","0.00","62.00"
"dentro do aeroporto de guarulhos tem hotel","GRU","proximidade","proximidade","0","1","0.00","2.00"
"desconto aeroporto guarulhos","GRU","barato","barato","0","16","0.00","34.56"
"desconto estacionamento aeroporto confins","CNF","barato","barato","0","11","0.00","21.91"
"desconto estacionamento aeroporto guarulhos","GRU","barato","barato","0","48","0.00","41.04"
"desconto estacionamento aeroporto guarulhos terminal 3","GRU","barato","barato","0","26","0.00","52.12"
"desconto estacionamento aeroporto viracopos","VCP","barato","barato","0","1","0.00","1.00"
"diaria aeroporto afonso pena","CWB","preco","preco","0","88","0.00","9.77"
"diaria aeroporto confins","CNF","preco","preco","0","7","0.00","1.00"
"diaria aeroporto confins estacionamento","CNF","preco","preco","0","5","0.00","1.00"
"diaria aeroporto de confins","CNF","preco","preco","0","20","0.00","15.15"
"diaria aeroporto de guarulhos","GRU","preco","preco","0","106","0.00","14.89"
"diaria aeroporto guarulhos estacionamento","GRU","preco","preco","0","8","0.00","6.25"
"diaria aeroporto viracopos","VCP","preco","preco","0","292","0.00","5.56"
"diaria carro aeroporto curitiba","CWB","preco","preco","0","13","0.00","7.08"
"diaria carro aeroporto guarulhos","GRU","preco","preco","0","92","0.00","23.24"
"diaria de estacionamento aeroporto confins","CNF","preco","preco","0","6","0.00","1.00"
"diaria de estacionamento aeroporto de confins","CNF","preco","preco","0","1","0.00","1.00"
"diaria de estacionamento aeroporto de guarulhos","GRU","preco","preco","0","45","0.00","42.16"
"diaria de estacionamento aeroporto guarulhos","GRU","preco","preco","0","6","0.00","40.83"
"diaria de estacionamento em guarulhos","GRU","preco","preco","0","25","0.00","50.24"
"diaria de estacionamento no aeroporto de curitiba","CWB","preco","preco","0","56","0.00","7.36"
"diaria do aeroporto de guarulhos","GRU","preco","preco","0","52","0.00","12.96"
"diaria do estacionamento aeroporto de guarulhos","GRU","preco","preco","0","1","0.00","1.00"
"diaria do estacionamento do aeroporto de confins","CNF","preco","preco","0","6","0.00","4.50"
"diaria do estacionamento do aeroporto de guarulhos","GRU","preco","preco","0","1","0.00","28.00"
"diaria do estacionamento do aeroporto de viracopos","VCP","preco","preco","0","10","0.00","8.20"
"diaria do estacionamento no aeroporto de guarulhos","GRU","preco","preco","0","61","0.00","31.34"
"diaria edificio garagem viracopos","VCP","preco","preco","0","22","0.00","8.95"
"diaria estacionamento aeroporto campinas","VCP","preco","preco","0","108","0.00","10.14"
"diaria estacionamento aeroporto confins","CNF","preco","preco","0","27","0.00","5.74"
"diaria estacionamento aeroporto de confins","CNF","preco","preco","0","51","0.00","19.69"
"diaria estacionamento aeroporto de guarulhos","GRU","preco","preco","0","48","0.00","32.77"
"diaria estacionamento aeroporto guarulhos","GRU","preco","preco","0","395","0.00","21.08"
"diaria estacionamento gru","GRU","preco","preco","0","77","0.00","40.62"
"diaria estacionamento guarulhos","GRU","preco","preco","0","142","0.00","38.20"
"diaria estacionamento guarulhos aeroporto","GRU","preco","preco","0","43","0.00","50.93"
"diaria estacionamento rodoviaria curitiba","CWB","preco","preco","0","3","0.00","2.33"
"diaria estacionamento terminal 3 guarulhos","GRU","preco","preco","0","2","0.00","1.00"
"diaria estacionamento viracopos campinas","VCP","preco","preco","0","1","0.00","12.00"
"diaria no aeroporto de confins","CNF","preco","preco","0","11","0.00","3.27"
"diaria no estacionamento do aeroporto de guarulhos","GRU","preco","preco","0","81","0.00","32.89"
"diaria patio guarulhos","GRU","preco","preco","0","1","0.00","3.00"
"distancia ate aeroporto guarulhos","GRU","proximidade","proximidade","0","1","0.00","1.00"
"distancia congonhas a guarulhos","GRU","proximidade","proximidade","0","1","0.00","12.00"
"distancia de campinas a aeroporto de guarulhos","GRU","proximidade","proximidade","0","2","0.00","73.50"
"distancia de viracopos a sao paulo","VCP","proximidade","proximidade","0","2","0.00","2.00"
"distancia do aeroporto de campinas para guarulhos","GRU","proximidade","proximidade","0","1","0.00","54.00"
"distancia do bh shopping ao aeroporto de confins","CNF","proximidade","proximidade","0","1","0.00","1.00"
"distancia entre aeroporto de guarulhos e rodoviaria tiete","GRU","proximidade","proximidade","0","1","0.00","2.00"
"distancia entre fazenda rio grande e curitiba","CWB","proximidade","proximidade","0","1","0.00","2.00"
"distancia viracopos a sao paulo","VCP","proximidade","proximidade","0","1","0.00","1.00"
"distância até o aeroporto de confins","CNF","proximidade","proximidade","0","2","0.00","2.00"
"distância confins belo horizonte","CNF","proximidade","proximidade","0","1","0.00","2.00"
"distância piracicaba aeroporto viracopos","VCP","proximidade","proximidade","0","1","0.00","3.00"
"distância virapark aeroporto viracopos","VCP","proximidade","proximidade","0","19","0.00","7.16"
"diária aeroporto confins","CNF","preco","preco","0","18","0.00","4.50"
"diária aeroporto guarulhos","GRU","preco","preco","0","202","0.00","20.83"
"diária de estacionamento no aeroporto de guarulhos","GRU","preco","preco","0","37","0.00","41.89"
"diária de r$ 9,90 a partir da 5ª diária - estacionamento aeroporto confins - multipark fotos","CNF","preco","preco","0","1","0.00","1.00"
"diária estacionamento aeroporto confins","CNF","preco","preco","0","68","0.00","14.13"
"diária estacionamento aeroporto de guarulhos","GRU","preco","preco","0","61","0.00","30.05"
"diária estacionamento aeroporto viracopos","VCP","preco","preco","0","86","0.00","7.36"
"diária estacionamento confins","CNF","preco","preco","0","55","0.00","38.47"
"diária estacionamento viracopos","VCP","preco","preco","0","121","0.00","9.67"
"edifício garagem viracopos preço","VCP","preco","preco","0","86","0.00","3.93"
"estacionamento 24 horas próximo a rodoviária de campinas","VCP","proximidade","proximidade","0","1","0.00","1.00"
"estacionamento 24 horas próximo à rodoviária de campinas","VCP","proximidade","proximidade","0","1","0.00","10.00"
"estacionamento aeroporto afonso pena diária preço 2026","CWB","preco","preco","0","4","0.00","9.50"
"estacionamento aeroporto campinas preço","VCP","preco","preco","0","158","0.00","10.93"
"estacionamento aeroporto confins diaria","CNF","preco","preco","0","26","0.00","8.62"
"estacionamento aeroporto confins diária preço 2026","CNF","preco","preco","0","3","0.00","10.00"
"estacionamento aeroporto confins preço diária 2026","CNF","preco","preco","0","6","0.00","9.17"
"estacionamento aeroporto confins preço","CNF","preco","preco","0","93","0.00","21.30"
"estacionamento aeroporto confins valor","CNF","preco","preco","0","18","0.00","2.17"
"estacionamento aeroporto confins valores","CNF","preco","preco","0","2","0.00","1.00"
"estacionamento aeroporto cumbica preço","GRU","preco","preco","0","66","0.00","48.61"
"estacionamento aeroporto curitiba diária","CWB","preco","preco","0","30","0.00","11.63"
"estacionamento aeroporto curitiba valores","CWB","preco","preco","0","1","0.00","15.00"
"estacionamento aeroporto de confins preço","CNF","preco","preco","0","14","0.00","7.29"
"estacionamento aeroporto de confins valor","CNF","preco","preco","0","1","0.00","1.00"
"estacionamento aeroporto de curitiba valor","CWB","preco","preco","0","58","0.00","7.45"
"estacionamento aeroporto de guarulhos mais barato","GRU","barato","barato","0","1","0.00","32.00"
"estacionamento aeroporto de guarulhos preço","GRU","preco","preco","0","485","0.00","44.03"
"estacionamento aeroporto de guarulhos valor","GRU","preco","preco","0","91","0.00","38.32"
"estacionamento aeroporto de guarulhos valor diaria","GRU","preco","preco","0","38","0.00","35.58"
"estacionamento aeroporto de viracopos valor","VCP","preco","preco","0","158","0.00","8.04"
"estacionamento aeroporto guarulhos 10 dias preço 2026","GRU","preco","preco","0","1","0.00","11.00"
"estacionamento aeroporto guarulhos 15 dias preço 2026","GRU","preco","preco","0","2","0.00","10.00"
"estacionamento aeroporto guarulhos 5 dias preço 2026","GRU","preco","preco","0","1","0.00","11.00"
"estacionamento aeroporto guarulhos 7 dias preço 2026","GRU","preco","preco","0","8","0.00","10.00"
"estacionamento aeroporto guarulhos desconto porto seguro","GRU","barato","barato","0","1","0.00","60.00"
"estacionamento aeroporto guarulhos diária preço 2026","GRU","preco","preco","0","22","0.00","9.55"
"estacionamento aeroporto guarulhos diária","GRU","preco","preco","0","316","0.00","38.25"
"estacionamento aeroporto guarulhos melhor custo beneficio","GRU","barato","barato preco","0","25","0.00","10.16"
"estacionamento aeroporto guarulhos melhor preço","GRU","preco","preco","0","23","0.00","49.57"
"estacionamento aeroporto guarulhos preco","GRU","preco","preco","0","85","0.00","43.95"
"estacionamento aeroporto guarulhos preço 2026","GRU","preco","preco","0","9","0.00","24.67"
"estacionamento aeroporto guarulhos preço diaria 2026","GRU","preco","preco","0","2","0.00","11.50"
"estacionamento aeroporto guarulhos preço diária","GRU","preco","preco","0","2","0.00","27.50"
"estacionamento aeroporto guarulhos preço diária 2026","GRU","preco","preco","0","9","0.00","9.44"
"estacionamento aeroporto guarulhos preços 2026","GRU","preco","preco","0","4","0.00","9.25"
"estacionamento aeroporto guarulhos preço","GRU","preco","preco","0","1568","0.00","42.26"
"estacionamento aeroporto guarulhos preço diaria","GRU","preco","preco","0","53","0.00","28.17"
"estacionamento aeroporto guarulhos preço diária","GRU","preco","preco","0","2","0.00","27.50"
"estacionamento aeroporto guarulhos preços","GRU","preco","preco","0","73","0.00","40.14"
"estacionamento aeroporto guarulhos terminal 2 preço","GRU","preco","preco","0","13","0.00","50.69"
"estacionamento aeroporto guarulhos terminal 2 valor","GRU","preco","preco","0","29","0.00","39.69"
"estacionamento aeroporto guarulhos terminal 3 preço","GRU","preco","preco","0","36","0.00","49.36"
"estacionamento aeroporto guarulhos terminal 3 valor","GRU","preco","preco","0","47","0.00","50.66"
"estacionamento aeroporto guarulhos valor diaria","GRU","preco","preco","0","106","0.00","34.24"
"estacionamento aeroporto guarulhos valores","GRU","preco","preco","0","111","0.00","29.22"
"estacionamento aeroporto viracopos campinas diária preço 2026","VCP","preco","preco","0","4","0.00","8.50"
"estacionamento aeroporto viracopos diária preço 2026","VCP","preco","preco","0","6","0.00","9.00"
"estacionamento aeroporto viracopos preço 2026","VCP","preco","preco","0","19","0.00","7.16"
"estacionamento aeroporto viracopos preço diária 2026","VCP","preco","preco","0","8","0.00","9.00"
"estacionamento aeroporto viracopos preços","VCP","preco","preco","0","1","0.00","1.00"
"estacionamento aeroporto viracopos preços 2026","VCP","preco","preco","0","4","0.00","7.00"
"estacionamento aeroporto viracopos preço diária","VCP","preco","preco","0","5","0.00","10.20"
"estacionamento afonso pena diaria","CWB","preco","preco","0","1","0.00","1.00"
"estacionamento ao lado do aeroporto de guarulhos","GRU","proximidade","proximidade","0","34","0.00","51.44"
"estacionamento barato confins","CNF","barato","barato","0","2","0.00","13.50"
"estacionamento barato guarulhos","GRU","barato","barato","0","122","0.00","28.73"
"estacionamento barato no centro de curitiba","CWB","barato","barato","0","4","0.00","14.25"
"estacionamento barato perto do aeroporto de guarulhos","GRU","proximidade","proximidade barato","0","34","0.00","34.56"
"estacionamento coberto perto do aeroporto de guarulhos","GRU","proximidade","proximidade","0","338","0.00","49.85"
"estacionamento com vaga coberta e monitoramento 24h perto do aeroporto de guarulhos: como funciona?","GRU","proximidade","proximidade","0","2","0.00","10.50"
"estacionamento confins diaria","CNF","preco","preco","0","121","0.00","36.30"
"estacionamento confins valor","CNF","preco","preco","0","4","0.00","17.00"
"estacionamento cumbica preço","GRU","preco","preco","0","139","0.00","47.57"
"estacionamento de guarulhos valor","GRU","preco","preco","0","52","0.00","30.46"
"estacionamento de viracopos preco","VCP","preco","preco","0","15","0.00","11.40"
"estacionamento dentro aeroporto confins","CNF","proximidade","proximidade","0","53","0.00","6.74"
"estacionamento dentro aeroporto curitiba","CWB","proximidade","proximidade","0","6","0.00","15.33"
"estacionamento dentro aeroporto guarulhos","GRU","proximidade","proximidade","0","218","0.00","52.78"
"estacionamento dentro do aeroporto confins","CNF","proximidade","proximidade","0","66","0.00","11.85"
"estacionamento dentro do aeroporto curitiba","CWB","proximidade","proximidade","0","3","0.00","10.00"
"estacionamento dentro do aeroporto de campinas","VCP","proximidade","proximidade","0","179","0.00","7.23"
"estacionamento dentro do aeroporto de guarulhos terminal 2","GRU","proximidade","proximidade","0","4","0.00","1.00"
"estacionamento dentro do aeroporto de viracopos campinas","VCP","proximidade","proximidade","0","61","0.00","6.16"
"estacionamento dentro do aeroporto guarulhos","GRU","proximidade","proximidade","0","130","0.00","46.85"
"estacionamento dentro do aeroporto viracopos campinas","VCP","proximidade","proximidade","0","92","0.00","5.10"
"estacionamento diaria aeroporto guarulhos","GRU","preco","preco","0","36","0.00","44.03"
"estacionamento do aeroporto de guarulhos preço","GRU","preco","preco","0","33","0.00","43.12"
"estacionamento do aeroporto de guarulhos valor","GRU","preco","preco","0","82","0.00","40.52"
"estacionamento economico confins","CNF","barato","barato","0","20","0.00","12.20"
"estacionamento em confins mais barato","CNF","barato","barato","0","45","0.00","8.36"
"estacionamento em confins preço","CNF","preco","preco","0","11","0.00","5.73"
"estacionamento em guarulhos aeroporto barato","GRU","barato","barato","0","26","0.00","41.38"
"estacionamento em guarulhos barato","GRU","barato","barato","0","8","0.00","11.63"
"estacionamento em guarulhos preço","GRU","preco","preco","0","184","0.00","46.70"
"estacionamento em guarulhos proximo ao aeroporto","GRU","proximidade","proximidade","0","8","0.00","57.38"
"estacionamento em guarulhos próximo ao aeroporto","GRU","proximidade","proximidade","0","50","0.00","47.64"
"estacionamento gru airport preço","GRU","preco","preco","0","61","0.00","31.30"
"estacionamento gru preço","GRU","preco","preco","0","79","0.00","30.94"
"estacionamento gru terminal 3 preço","GRU","preco","preco","0","1","0.00","1.00"
"estacionamento gru valor","GRU","preco","preco","0","57","0.00","42.25"
"estacionamento gru valores","GRU","preco","preco","0","1","0.00","1.00"
"estacionamento guarulhos aeroporto preço","GRU","preco","preco","0","56","0.00","27.57"
"estacionamento guarulhos aeroporto valor","GRU","preco","preco","0","3","0.00","1.00"
"estacionamento guarulhos diaria","GRU","preco","preco","0","97","0.00","27.25"
"estacionamento guarulhos diária","GRU","preco","preco","0","265","0.00","48.56"
"estacionamento guarulhos preco","GRU","preco","preco","0","59","0.00","37.31"
"estacionamento guarulhos proximo aeroporto","GRU","proximidade","proximidade","0","12","0.00","41.25"
"estacionamento guarulhos terminal 3 preço","GRU","preco","preco","0","6","0.00","61.83"
"estacionamento guarulhos valor","GRU","preco","preco","0","124","0.00","32.27"
"estacionamento mais barato com transfer para o gru em guarulhos","GRU","barato","barato","0","4","0.00","4.50"
"estacionamento mais barato confins","CNF","barato","barato","0","13","0.00","8.08"
"estacionamento mais barato em viracopos","VCP","barato","barato","0","16","0.00","8.06"
"estacionamento mais barato guarulhos","GRU","barato","barato","0","60","0.00","32.33"
"estacionamento mais barato no aeroporto de guarulhos","GRU","barato","barato","0","3","0.00","2.00"
"estacionamento mais perto do aeroporto de confins","CNF","proximidade","proximidade","0","1","0.00","11.00"
"estacionamento mais perto do aeroporto de guarulhos","GRU","proximidade","proximidade","0","44","0.00","30.61"
"estacionamento mais proximo aeroporto confins","CNF","proximidade","proximidade","0","4","0.00","11.50"
"estacionamento mais proximo aeroporto guarulhos","GRU","proximidade","proximidade","0","660","0.00","50.67"
"estacionamento mais proximo do aeroporto de guarulhos","GRU","proximidade","proximidade","0","1","0.00","32.00"
"estacionamento mais proximo do aeroporto de viracopos","VCP","proximidade","proximidade","0","11","0.00","3.91"
"estacionamento mais próximo do aeroporto de confins","CNF","proximidade","proximidade","0","9","0.00","9.00"
"estacionamento mais próximo do aeroporto de guarulhos","GRU","proximidade","proximidade","0","906","0.00","47.17"
"estacionamento mais seguro e barato próximo a viracopos para viagens longas","VCP","proximidade","proximidade barato","0","8","0.00","6.63"
"estacionamento na dutra perto do aeroporto de guarulhos","GRU","proximidade","proximidade","0","1","0.00","2.00"
"estacionamento no aeroporto de guarulhos preço","GRU","preco","preco","0","79","0.00","44.14"
"estacionamento no aeroporto de guarulhos valor","GRU","preco","preco","0","48","0.00","26.00"
"estacionamento no aeroporto de viracopos valor","VCP","preco","preco","0","8","0.00","10.38"
"estacionamento perto aeroporto confins","CNF","proximidade","proximidade","0","90","0.00","27.62"
"estacionamento perto aeroporto de guarulhos","GRU","proximidade","proximidade","0","179","0.00","51.00"
"estacionamento perto aeroporto guarulhos mais barato","GRU","proximidade","proximidade barato","0","2","0.00","1.50"
"estacionamento perto da rodoviária de campinas","VCP","proximidade","proximidade","0","1","0.00","10.00"
"estacionamento perto da rodoviária de curitiba","CWB","proximidade","proximidade","0","1","0.00","2.00"
"estacionamento perto de confins","CNF","proximidade","proximidade","0","63","0.00","38.06"
"estacionamento perto de guarulhos","GRU","proximidade","proximidade","0","257","0.00","52.52"
"estacionamento perto de guarulhos aeroporto","GRU","proximidade","proximidade","0","20","0.00","53.70"
"estacionamento perto do aeroporto confins","CNF","proximidade","proximidade","0","113","0.00","39.30"
"estacionamento perto do aeroporto curitiba","CWB","proximidade","proximidade","0","1","0.00","12.00"
"estacionamento perto do aeroporto de confins","CNF","proximidade","proximidade","0","101","0.00","22.81"
"estacionamento perto do aeroporto de guarulhos barato","GRU","proximidade","proximidade barato","0","52","0.00","32.19"
"estacionamento perto do aeroporto de guarulhos com traslado","GRU","proximidade","proximidade","0","100","0.00","44.03"
"estacionamento perto do aeroporto de guarulhos sp","GRU","proximidade","proximidade","0","1","0.00","2.00"
"estacionamento perto do aeroporto guarulhos","GRU","proximidade","proximidade","0","608","0.00","47.59"
"estacionamento perto do shopping curitiba","CWB","proximidade","proximidade","0","1","0.00","1.00"
"estacionamento perto do viracopos","VCP","proximidade","proximidade","0","55","0.00","6.44"
"estacionamento perto guarulhos","GRU","proximidade","proximidade","0","1","0.00","4.00"
"estacionamento perto viracopos campinas","VCP","proximidade","proximidade","0","3","0.00","1.00"
"estacionamento proximo a confins","CNF","proximidade","proximidade","0","27","0.00","17.96"
"estacionamento proximo a guarulhos aeroporto","GRU","proximidade","proximidade","0","1","0.00","10.00"
"estacionamento proximo a viracopos campinas","VCP","proximidade","proximidade","0","7","0.00","5.29"
"estacionamento proximo aeroporto curitiba","CWB","proximidade","proximidade","0","90","0.00","21.26"
"estacionamento proximo aeroporto gru","GRU","proximidade","proximidade","0","24","0.00","54.50"
"estacionamento proximo aeroporto guarulhos barato","GRU","proximidade","proximidade barato","0","61","0.00","31.77"
"estacionamento proximo ao aeroporto de confins","CNF","proximidade","proximidade","0","62","0.00","26.21"
"estacionamento proximo ao aeroporto de confins mg","CNF","proximidade","proximidade","0","15","0.00","1.13"
"estacionamento proximo ao aeroporto de guarulhos","GRU","proximidade","proximidade","0","66","0.00","36.80"
"estacionamento proximo ao aeroporto viracopos campinas","VCP","proximidade","proximidade","0","4","0.00","3.75"
"estacionamento proximo confins","CNF","proximidade","proximidade","0","7","0.00","11.71"
"estacionamento proximo do aeroporto de guarulhos","GRU","proximidade","proximidade","0","154","0.00","61.60"
"estacionamento proximo gru","GRU","proximidade","proximidade","0","7","0.00","47.14"
"estacionamento proximo guarulhos","GRU","proximidade","proximidade","0","30","0.00","50.53"
"estacionamento próximo a guarulhos","GRU","proximidade","proximidade","0","15","0.00","41.60"
"estacionamento próximo a rodoviária de curitiba","CWB","proximidade","proximidade","0","1","0.00","2.00"
"estacionamento próximo aeroporto confins","CNF","proximidade","proximidade","0","14","0.00","19.14"
"estacionamento próximo aeroporto de confins","CNF","proximidade","proximidade","0","87","0.00","31.94"
"estacionamento próximo aeroporto de curitiba","CWB","proximidade","proximidade","0","35","0.00","9.26"
"estacionamento próximo aeroporto guarulhos","GRU","proximidade","proximidade","0","848","0.00","51.78"
"estacionamento próximo ao aeroporto de confins","CNF","proximidade","proximidade","0","95","0.00","22.20"
"estacionamento próximo ao aeroporto de guarulhos com traslado","GRU","proximidade","proximidade","0","28","0.00","33.36"
"estacionamento próximo ao aeroporto de viracopos campinas","VCP","proximidade","proximidade","0","34","0.00","6.91"
"estacionamento próximo do aeroporto de guarulhos","GRU","proximidade","proximidade","0","578","0.00","46.21"
"estacionamento rodoviária curitiba valor","CWB","preco","preco","0","1","0.00","1.00"
"estacionamento terminal 1 guarulhos preço","GRU","preco","preco","0","57","0.00","25.26"
"estacionamento terminal 2 guarulhos preço","GRU","preco","preco","0","90","0.00","49.97"
"estacionamento terminal 3 guarulhos preço","GRU","preco","preco","0","591","0.00","31.38"
"estacionamento terminal 3 guarulhos valor","GRU","preco","preco","0","3","0.00","1.00"
"estacionamento vcp barato","VCP","barato","barato","0","15","0.00","5.27"
"estacionamento vcp preço","VCP","preco","preco","0","42","0.00","11.57"
"estacionamento viracopos azul preço","VCP","preco","preco","0","10","0.00","10.10"
"estacionamento viracopos diária preço 2026","VCP","preco","preco","0","7","0.00","8.14"
"estacionamento viracopos economico","VCP","barato","barato","0","1","0.00","10.00"
"estacionamento viracopos park com diárias à partir de r$10,00 e translado imediato e gratuito","VCP","preco","preco","0","63","0.00","1.84"
"estacionamento viracopos preço 2026","VCP","preco","preco","0","6","0.00","6.50"
"estacionamento viracopos valor diaria","VCP","preco","preco","0","3","0.00","4.67"
"estacionamento viracopos valores","VCP","preco","preco","0","1","0.00","12.00"
"estacionamentos aeroporto guarulhos preços","GRU","preco","preco","0","41","0.00","50.02"
"estacionamentos em guarulhos perto do aeroporto","GRU","proximidade","proximidade","0","3","0.00","39.67"
"estacionamentos em guarulhos proximo ao aeroporto","GRU","proximidade","proximidade","0","146","0.00","51.23"
"estacionamentos perto aeroporto guarulhos","GRU","proximidade","proximidade","0","38","0.00","46.05"
"estacionamentos perto de confins","CNF","proximidade","proximidade","0","10","0.00","12.10"
"estacionamentos perto do aeroporto de confins","CNF","proximidade","proximidade","0","227","0.00","24.16"
"estacionamentos proximo aeroporto guarulhos","GRU","proximidade","proximidade","0","150","0.00","56.27"
"estacionamentos proximo ao aeroporto afonso pena","CWB","proximidade","proximidade","0","3","0.00","11.67"
"estacionamentos proximo ao aeroporto de curitiba","CWB","proximidade","proximidade","0","24","0.00","8.08"
"estacionamentos próximo aeroporto de confins","CNF","proximidade","proximidade","0","17","0.00","10.82"
"estacionamentos próximo ao aeroporto de confins","CNF","proximidade","proximidade","0","63","0.00","7.30"
"estacionamentos próximo ao aeroporto de guarulhos","GRU","proximidade","proximidade","0","108","0.00","38.91"
"estapar economico viracopos","VCP","barato","barato","0","3","0.00","17.33"
"estapar viracopos preço","VCP","preco","preco","0","44","0.00","7.14"
"farmacia dentro do aeroporto de viracopos","VCP","proximidade","proximidade","0","1","0.00","1.00"
"garageinn viracopos - estacione dentro do aeroporto de viracopos fotos","VCP","proximidade","proximidade","0","33","0.00","6.06"
"guarulhos estacionamento preço","GRU","preco","preco","0","703","0.00","46.82"
"hoteis perto do aeroporto de confins","CNF","proximidade","proximidade","0","3","0.00","2.00"
"hoteis perto do aeroporto de viracopos","VCP","proximidade","proximidade","0","1","0.00","2.00"
"hoteis proximo ao aeroporto viracopos","VCP","proximidade","proximidade","0","1","0.00","2.00"
"hotel ao lado do aeroporto de guarulhos","GRU","proximidade","proximidade","0","1","0.00","2.00"
"hotel barato perto do aeroporto de confins","CNF","proximidade","proximidade barato","0","1","0.00","2.00"
"hotel barato perto do aeroporto de curitiba","CWB","proximidade","proximidade barato","0","1","0.00","3.00"
"hotel dentro aeroporto viracopos","VCP","proximidade","proximidade","0","2","0.00","44.50"
"hotel dentro do aeroporto de confins","CNF","proximidade","proximidade","0","7","0.00","2.00"
"hotel dentro do aeroporto de gru","GRU","proximidade","proximidade","0","1","0.00","3.00"
"hotel dentro do aeroporto de guarulhos","GRU","proximidade","proximidade","0","9","0.00","3.00"
"hotel dentro do aeroporto de guarulhos preço","GRU","proximidade","proximidade preco","0","1","0.00","3.00"
"hotel dentro do aeroporto de guarulhos terminal 2","GRU","proximidade","proximidade","0","1","0.00","3.00"
"hotel dentro do aeroporto de viracopos","VCP","proximidade","proximidade","0","2","0.00","2.50"
"hotel dentro do aeroporto gru","GRU","proximidade","proximidade","0","1","0.00","3.00"
"hotel em bh proximo ao aeroporto de confins","CNF","proximidade","proximidade","0","2","0.00","2.00"
"hotel em campinas perto do aeroporto","VCP","proximidade","proximidade","0","3","0.00","3.00"
"hotel em campinas perto do aeroporto de viracopos","VCP","proximidade","proximidade","0","1","0.00","2.00"
"hotel em campinas proximo ao aeroporto viracopos","VCP","proximidade","proximidade","0","2","0.00","3.00"
"hotel em curitiba perto do aeroporto","CWB","proximidade","proximidade","0","1","0.00","5.00"
"hotel golden park campinas viracopos distância aeroporto","VCP","proximidade","proximidade","0","1","0.00","3.00"
"hotel mais proximo do aeroporto de guarulhos","GRU","proximidade","proximidade","0","1","0.00","2.00"
"hotel perto aeroporto campinas","VCP","proximidade","proximidade","0","1","0.00","3.00"
"hotel perto aeroporto viracopos","VCP","proximidade","proximidade","0","2","0.00","3.00"
"hotel perto aeroporto viracopos campinas","VCP","proximidade","proximidade","0","1","0.00","3.00"
"hotel perto confins","CNF","proximidade","proximidade","0","1","0.00","2.00"
"hotel perto de confins","CNF","proximidade","proximidade","0","1","0.00","2.00"
"hotel perto de guarulhos aeroporto","GRU","proximidade","proximidade","0","1","0.00","1.00"
"hotel perto de viracopos","VCP","proximidade","proximidade","0","1","0.00","4.00"
"hotel perto de viracopos aeroporto","VCP","proximidade","proximidade","0","1","0.00","2.00"
"hotel perto do aeroporto confins","CNF","proximidade","proximidade","0","1","0.00","2.00"
"hotel perto do aeroporto curitiba","CWB","proximidade","proximidade","0","1","0.00","4.00"
"hotel perto do aeroporto de belo horizonte","CNF","proximidade","proximidade","0","2","0.00","2.00"
"hotel perto do aeroporto de campinas","VCP","proximidade","proximidade","0","2","0.00","2.00"
"hotel perto do aeroporto de campinas viracopos","VCP","proximidade","proximidade","0","1","0.00","2.00"
"hotel perto do aeroporto de confins","CNF","proximidade","proximidade","0","4","0.00","2.50"
"hotel perto do aeroporto de confins bh","CNF","proximidade","proximidade","0","1","0.00","2.00"
"hotel perto do aeroporto de curitiba","CWB","proximidade","proximidade","0","5","0.00","2.80"
"hotel perto do aeroporto de guarulhos","GRU","proximidade","proximidade","0","9","0.00","1.44"
"hotel perto do aeroporto de guarulhos barato","GRU","proximidade","proximidade barato","0","1","0.00","3.00"
"hotel perto do aeroporto de guarulhos são paulo","GRU","proximidade","proximidade","0","1","0.00","4.00"
"hotel perto do aeroporto de viracopos","VCP","proximidade","proximidade","0","2","0.00","3.00"
"hotel perto do aeroporto de viracopos campinas","VCP","proximidade","proximidade","0","1","0.00","2.00"
"hotel perto do aeroporto em curitiba","CWB","proximidade","proximidade","0","1","0.00","2.00"
"hotel perto viracopos campinas","VCP","proximidade","proximidade","0","2","0.00","2.50"
"hotel proximo a aeroporto de guarulhos","GRU","proximidade","proximidade","0","2","0.00","2.50"
"hotel proximo aeroporto de viracopos","VCP","proximidade","proximidade","0","1","0.00","3.00"
"hotel proximo aeroporto viracopos","VCP","proximidade","proximidade","0","5","0.00","2.00"
"hotel proximo ao aeroporto de campinas","VCP","proximidade","proximidade","0","3","0.00","3.33"
"hotel proximo ao aeroporto de guarulhos","GRU","proximidade","proximidade","0","6","0.00","1.00"
"hotel proximo ao aeroporto de viracopos","VCP","proximidade","proximidade","0","2","0.00","3.50"
"hotel proximo do aeroporto de campinas","VCP","proximidade","proximidade","0","3","0.00","3.00"
"hotel proximo do aeroporto de guarulhos sp","GRU","proximidade","proximidade","0","1","0.00","2.00"
"hotel proximo do aeroporto viracopos","VCP","proximidade","proximidade","0","2","0.00","2.50"
"hotel proximo viracopos","VCP","proximidade","proximidade","0","1","0.00","6.00"
"hotel proximo viracopos campinas","VCP","proximidade","proximidade","0","1","0.00","2.00"
"hotel próximo a viracopos campinas","VCP","proximidade","proximidade","0","2","0.00","2.50"
"hotel próximo aeroporto de confins","CNF","proximidade","proximidade","0","1","0.00","28.00"
"hotel próximo aeroporto de curitiba","CWB","proximidade","proximidade","0","2","0.00","3.50"
"hotel próximo ao aeroporto de curitiba","CWB","proximidade","proximidade","0","2","0.00","2.50"
"hotel próximo ao aeroporto de guarulhos barato","GRU","proximidade","proximidade barato","0","1","0.00","2.00"
"hotel próximo ao aeroporto de viracopos","VCP","proximidade","proximidade","0","5","0.00","2.20"
"hotel próximo do aeroporto de guarulhos","GRU","proximidade","proximidade","0","1","0.00","2.00"
"hotel próximo do aeroporto de viracopos","VCP","proximidade","proximidade","0","2","0.00","3.00"
"hotel próximo viracopos barato","VCP","proximidade","proximidade barato","0","2","0.00","2.00"
"hotéis em campinas perto do aeroporto","VCP","proximidade","proximidade","0","1","0.00","3.00"
"hotéis perto do aeroporto de viracopos","VCP","proximidade","proximidade","0","2","0.00","104.50"
"hotéis próximo ao aeroporto de guarulhos","GRU","proximidade","proximidade","0","1","0.00","2.00"
"jfparking - estacionamento econômico e seguro em viracopos campinas","VCP","barato","barato","0","3","0.00","14.00"
"jfparking - estacionamento viracopos em campinas - econômico e seguro","VCP","barato","barato","0","4","0.00","15.25"
"km64 - estacionamento seguro e econômico em viracopos campinas","VCP","barato","barato","0","15","0.00","10.13"
"localiza perto do aeroporto de guarulhos","GRU","proximidade","proximidade","0","1","0.00","2.00"
"lojas dentro do aeroporto de guarulhos","GRU","proximidade","proximidade","0","1","0.00","3.00"
"malex viracopos preço","VCP","preco","preco","0","13","0.00","1.08"
"melhor custo beneficio estacionamento aeroporto guarulhos","GRU","barato","barato preco","0","1","0.00","10.00"
"melhor estacionamento de longa permanência perto do aeroporto de guarulhos em 2025","GRU","proximidade","proximidade","0","3","0.00","8.67"
"melhor estacionamento de longa permanência perto do aeroporto de viracopos em campinas","VCP","proximidade","proximidade","0","4","0.00","3.75"
"melhor opção de estacionamento coberto perto do aeroporto vcp para deixar o carro por uma semana","VCP","proximidade","proximidade","0","6","0.00","2.83"
"melhor preço estacionamento aeroporto guarulhos","GRU","preco","preco","0","4","0.00","1.00"
"melhores estacionamentos baratos com traslado perto do aeroporto de viracopos em 2026","VCP","proximidade","proximidade","0","10","0.00","7.20"
"melhores estacionamentos perto do aeroporto de guarulhos","GRU","proximidade","proximidade","0","12","0.00","8.08"
"o que fazer em campinas perto do aeroporto","VCP","proximidade","proximidade","0","1","0.00","36.00"
"o que fazer em campinas proximo ao aeroporto","VCP","proximidade","proximidade","0","1","0.00","1.00"
"o que fazer em guarulhos perto do aeroporto","GRU","proximidade","proximidade","0","1","0.00","1.00"
"o que fazer perto do aeroporto de confins","CNF","proximidade","proximidade","0","1","0.00","2.00"
"o que fazer perto do aeroporto de guarulhos","GRU","proximidade","proximidade","0","3","0.00","2.33"
"o que fazer proximo ao aeroporto de guarulhos","GRU","proximidade","proximidade","0","2","0.00","1.00"
"o que fazer próximo ao aeroporto de confins","CNF","proximidade","proximidade","0","1","0.00","2.00"
"o que fazer próximo ao aeroporto de viracopos","VCP","proximidade","proximidade","0","8","0.00","53.13"
"o que tem para fazer perto do aeroporto de guarulhos","GRU","proximidade","proximidade","0","1","0.00","3.00"
"o que tem perto do aeroporto de confins","CNF","proximidade","proximidade","0","1","0.00","2.00"
"o que tem perto do aeroporto de guarulhos","GRU","proximidade","proximidade","0","2","0.00","2.50"
"o que tem perto do aeroporto de viracopos","VCP","proximidade","proximidade","0","1","0.00","1.00"
"o que tem proximo ao aeroporto de guarulhos","GRU","proximidade","proximidade","0","3","0.00","2.00"
"onde ficar perto do aeroporto de guarulhos","GRU","proximidade","proximidade","0","1","0.00","1.00"
"pedagio para campinas valor","VCP","preco","preco","0","1","0.00","2.00"
"pousada em campinas perto do aeroporto","VCP","proximidade","proximidade","0","1","0.00","2.00"
"pousada em guarulhos próximo ao aeroporto","GRU","proximidade","proximidade","0","1","0.00","2.00"
"preco aeroporto de guarulhos","GRU","preco","preco","0","1","0.00","1.00"
"preco de estacionamento do aeroporto de guarulhos","GRU","preco","preco","0","115","0.00","43.59"
"preco diaria estacionamento guarulhos","GRU","preco","preco","0","90","0.00","23.08"
"preco do estacionamento aeroporto guarulhos","GRU","preco","preco","0","120","0.00","30.93"
"preco do estacionamento do aeroporto de guarulhos","GRU","preco","preco","0","18","0.00","40.00"
"preco do estacionamento em confins","CNF","preco","preco","0","14","0.00","1.14"
"preco estacionamento aeroporto confins","CNF","preco","preco","0","1","0.00","1.00"
"preco estacionamento aeroporto curitiba","CWB","preco","preco","0","1","0.00","1.00"
"preco estacionamento aeroporto de confins","CNF","preco","preco","0","7","0.00","11.14"
"preco estacionamento aeroporto de guarulhos","GRU","preco","preco","0","10","0.00","1.00"
"preco estacionamento aeroporto guarulhos","GRU","preco","preco","0","121","0.00","31.46"
"preco estacionamento confins","CNF","preco","preco","0","4","0.00","8.75"
"preco estacionamento gru terminal 3","GRU","preco","preco","0","43","0.00","38.74"
"preco estacionamento vcp","VCP","preco","preco","0","1","0.00","12.00"
"preço diária estacionamento aeroporto viracopos","VCP","preco","preco","0","6","0.00","8.67"
"preço estacionamento aeroporto guarulhos 2026","GRU","preco","preco","0","6","0.00","9.50"
"preço estacionamento aeroporto guarulhos diária 2026","GRU","preco","preco","0","44","0.00","40.86"
"preço estacionamento aeroporto viracopos campinas","VCP","preco","preco","0","17","0.00","8.47"
"preço aeroporto guarulhos estacionamento","GRU","preco","preco","0","60","0.00","33.50"
"preço da diaria no estacionamento do aeroporto de guarulhos","GRU","preco","preco","0","83","0.00","36.78"
"preço de estacionamento aeroporto de guarulhos","GRU","preco","preco","0","9","0.00","55.67"
"preço de estacionamento aeroporto guarulhos","GRU","preco","preco","0","14","0.00","42.57"
"preço de estacionamento no aeroporto de confins","CNF","preco","preco","0","19","0.00","3.84"
"preço de estacionamento no aeroporto de curitiba","CWB","preco","preco","0","4","0.00","14.25"
"preço de estacionamento no aeroporto de guarulhos","GRU","preco","preco","0","233","0.00","40.52"
"preço de estacionamento no aeroporto de viracopos","VCP","preco","preco","0","8","0.00","12.13"
"preço diaria aeroporto guarulhos","GRU","preco","preco","0","58","0.00","26.26"
"preço diaria estacionamento aeroporto curitiba","CWB","preco","preco","0","10","0.00","8.90"
"preço diaria estacionamento aeroporto guarulhos","GRU","preco","preco","0","95","0.00","25.00"
"preço diária estacionamento aeroporto de guarulhos","GRU","preco","preco","0","3","0.00","11.67"
"preço diária estacionamento confins","CNF","preco","preco","0","1","0.00","12.00"
"preço do estacionamento aeroporto de guarulhos","GRU","preco","preco","0","114","0.00","40.28"
"preço do estacionamento do aeroporto afonso pena","CWB","preco","preco","0","17","0.00","5.65"
"preço do estacionamento do aeroporto de confins","CNF","preco","preco","0","40","0.00","18.80"
"preço do estacionamento do aeroporto de guarulhos","GRU","preco","preco","0","508","0.00","28.53"
"preço do estacionamento do aeroporto de viracopos","VCP","preco","preco","0","79","0.00","10.27"
"preço do estacionamento no aeroporto de confins","CNF","preco","preco","0","9","0.00","8.11"
"preço do estacionamento no aeroporto de guarulhos","GRU","preco","preco","0","190","0.00","30.73"
"preço estacionamento aeroporto campinas","VCP","preco","preco","0","98","0.00","9.32"
"preço estacionamento aeroporto confins","CNF","preco","preco","0","150","0.00","17.26"
"preço estacionamento aeroporto de confins","CNF","preco","preco","0","8","0.00","1.25"
"preço estacionamento aeroporto de guarulhos","GRU","preco","preco","0","144","0.00","32.11"
"preço estacionamento aeroporto de guarulhos gru 15 dias","GRU","preco","preco","0","18","0.00","16.72"
"preço estacionamento aeroporto de guarulhos gru 2026","GRU","preco","preco","0","32","0.00","14.13"
"preço estacionamento aeroporto guarulhos gru 2026","GRU","preco","preco","0","16","0.00","14.56"
"preço estacionamento aeroporto guarulhos terminal 3","GRU","preco","preco","0","11","0.00","4.45"
"preço estacionamento dentro aeroporto confins","CNF","proximidade","proximidade preco","0","4","0.00","19.50"
"preço estacionamento gru","GRU","preco","preco","0","96","0.00","26.77"
"preço estacionamento guarulhos aeroporto","GRU","preco","preco","0","1","0.00","1.00"
"preço estacionamento terminal 2 guarulhos","GRU","preco","preco","0","2","0.00","1.00"
"preço estacionamento terminal 2 guarulhos gru 2026","GRU","preco","preco","0","6","0.00","14.00"
"preço estacionamento terminal 3 guarulhos","GRU","preco","preco","0","7","0.00","5.86"
"preço estacionamento terminal 3 guarulhos gru","GRU","preco","preco","0","6","0.00","15.33"
"preço passagem guarulhos","GRU","preco","preco","0","1","0.00","1.00"
"preços de comfort hotel guarulhos aeroporto","GRU","preco","preco","0","1","0.00","2.00"
"preços de golden park campinas viracopos","VCP","preco","preco","0","1","0.00","6.00"
"preços de hotel pullman são paulo guarulhos airport","GRU","preco","preco","0","6","0.00","2.00"
"preços de hotel slaviero guarulhos","GRU","preco","preco","0","2","0.00","2.00"
"preços de ibis confins aeroporto","CNF","preco","preco","0","1","0.00","2.00"
"preços de ibis guarulhos aeroporto","GRU","preco","preco","0","3","0.00","2.00"
"preços de siesta box viracopos","VCP","preco","preco","0","2","0.00","2.00"
"preços de tryp by wyndham sao paulo guarulhos airport","GRU","preco","preco","0","1","0.00","2.00"
"preços estacionamento aeroporto confins","CNF","preco","preco","0","12","0.00","3.92"
"preços estacionamento aeroporto guarulhos","GRU","preco","preco","0","124","0.00","40.51"
"promoção estacionamento aeroporto guarulhos","GRU","barato","barato","0","34","0.00","40.62"
"pátio guarulhos valor diária","GRU","preco","preco","0","16","0.00","20.13"
"quais estacionamentos perto de viracopos oferecem traslado gratuito até o terminal?","VCP","proximidade","proximidade","0","28","0.00","5.39"
"quais são os benefícios de usar um estacionamento privado com transfer perto do gru?","GRU","proximidade","proximidade","0","5","0.00","6.40"
"qual a distancia do aeroporto de guarulhos para congonhas","GRU","proximidade","proximidade","0","1","0.00","1.00"
"qual a diária do estacionamento do aeroporto de guarulhos","GRU","preco","preco","0","8","0.00","2.38"
"qual a estação de metrô mais próxima do aeroporto de guarulhos","GRU","proximidade","proximidade","0","1","0.00","1.00"
"qual a rodoviária mais próxima do aeroporto de guarulhos","GRU","proximidade","proximidade","0","1","0.00","2.00"
"qual aeroporto mais proximo de curitiba","CWB","proximidade","proximidade","0","2","0.00","1.00"
"qual aeroporto mais próximo de campinas","VCP","proximidade","proximidade","0","1","0.00","1.00"
"qual estacionamento dentro do aeroporto de guarulhos","GRU","proximidade","proximidade","0","3","0.00","10.33"
"qual estacionamento dentro do aeroporto de viracopos","VCP","proximidade","proximidade","0","6","0.00","6.83"
"qual estacionamento mais proximo do aeroporto de guarulhos","GRU","proximidade","proximidade","0","20","0.00","16.55"
"qual estacionamento mais próximo do aeroporto de guarulhos","GRU","proximidade","proximidade","0","58","0.00","30.97"
"qual o estacionamento com melhor custo-benefício no aeroporto de viracopos campinas em 2025?","VCP","preco","preco","0","9","0.00","8.78"
"qual o estacionamento mais barato do aeroporto de confins","CNF","barato","barato","0","2","0.00","13.00"
"qual o estacionamento mais próximo do aeroporto de confins","CNF","proximidade","proximidade","0","2","0.00","6.00"
"qual o estacionamento mais próximo do aeroporto de guarulhos","GRU","proximidade","proximidade","0","64","0.00","31.88"
"qual o preço do estacionamento no aeroporto de guarulhos","GRU","preco","preco","0","78","0.00","21.41"
"qual o shopping mais próximo do aeroporto de guarulhos","GRU","proximidade","proximidade","0","1","0.00","3.00"
"qual o terminal rodoviário mais próximo do aeroporto de guarulhos","GRU","proximidade","proximidade","0","1","0.00","1.00"
"qual o valor da diária do estacionamento de guarulhos","GRU","preco","preco","0","47","0.00","41.62"
"qual o valor da diária no estacionamento do aeroporto de guarulhos","GRU","preco","preco","0","66","0.00","24.39"
"qual o valor da hora do estacionamento do aeroporto de guarulhos","GRU","preco","preco","0","2","0.00","1.00"
"qual o valor de estacionamento no aeroporto de guarulhos","GRU","preco","preco","0","1","0.00","1.00"
"qual o valor do estacionamento de guarulhos","GRU","preco","preco","0","11","0.00","2.82"
"qual o valor do estacionamento dentro do aeroporto de guarulhos","GRU","proximidade","proximidade preco","0","2","0.00","1.00"
"qual o valor do estacionamento do aeroporto de campinas","VCP","preco","preco","0","2","0.00","1.00"
"qual o valor do estacionamento do aeroporto de guarulhos terminal 3","GRU","preco","preco","0","2","0.00","1.00"
"qual o valor do estacionamento no aeroporto de guarulhos","GRU","preco","preco","0","239","0.00","23.25"
"qual o valor do estacionamento no aeroporto de viracopos","VCP","preco","preco","0","48","0.00","7.31"
"qual o valor para deixar o carro no aeroporto de guarulhos","GRU","preco","preco","0","1","0.00","10.00"
"qual rodoviária fica mais perto do aeroporto de guarulhos","GRU","proximidade","proximidade","0","1","0.00","3.00"
"qual rodoviária mais perto do aeroporto de guarulhos","GRU","proximidade","proximidade","0","1","0.00","1.00"
"qual shopping mais proximo do aeroporto de guarulhos","GRU","proximidade","proximidade","0","1","0.00","3.00"
"qual valor da diaria do estacionamento do aeroporto de guarulhos","GRU","preco","preco","0","72","0.00","38.90"
"qual valor da diaria no estacionamento do aeroporto de guarulhos","GRU","preco","preco","0","65","0.00","35.32"
"qual valor do estacionamento aeroporto de guarulhos","GRU","preco","preco","0","4","0.00","4.00"
"qual valor do estacionamento do aeroporto de confins","CNF","preco","preco","0","39","0.00","6.03"
"qual valor do estacionamento do aeroporto de curitiba","CWB","preco","preco","0","36","0.00","9.22"
"qual valor do estacionamento do aeroporto de viracopos","VCP","preco","preco","0","9","0.00","2.44"
"qual valor do estacionamento no aeroporto de guarulhos","GRU","preco","preco","0","56","0.00","35.50"
"qual valor estacionamento aeroporto guarulhos","GRU","preco","preco","0","113","0.00","19.63"
"qual valor para deixar o carro no aeroporto de guarulhos","GRU","preco","preco","0","55","0.00","43.49"
"qual é o estacionamento dentro do aeroporto de confins","CNF","proximidade","proximidade","0","124","0.00","8.15"
"qual é o estacionamento dentro do aeroporto de guarulhos","GRU","proximidade","proximidade","0","58","0.00","46.16"
"qual é o estacionamento dentro do aeroporto de viracopos","VCP","proximidade","proximidade","0","68","0.00","4.34"
"qual é o valor do estacionamento do aeroporto de guarulhos","GRU","preco","preco","0","79","0.00","32.01"
"quanto custa a diaria do estacionamento no aeroporto de guarulhos","GRU","preco","preco","0","103","0.00","23.89"
"quanto custa a diaria no aeroporto de guarulhos","GRU","preco","preco","0","104","0.00","26.88"
"quanto custa a diaria no estacionamento do aeroporto de guarulhos","GRU","preco","preco","0","90","0.00","27.42"
"quanto custa a diária de estacionamento no aeroporto de guarulhos","GRU","preco","preco","0","5","0.00","1.00"
"quanto custa a diária do estacionamento do aeroporto de guarulhos","GRU","preco","preco","0","61","0.00","35.93"
"quanto custa a diária no estacionamento do aeroporto de guarulhos","GRU","preco","preco","0","4","0.00","18.00"
"quanto custa a hora no estacionamento do aeroporto de guarulhos","GRU","preco","preco","0","13","0.00","4.46"
"quanto custa deixar o carro no aeroporto de confins","CNF","preco","preco","0","20","0.00","3.40"
"quanto custa deixar o carro no aeroporto de guarulhos em 15 dias?","GRU","preco","preco","0","1","0.00","9.00"
"quanto custa deixar o carro no estacionamento do aeroporto de guarulhos","GRU","preco","preco","0","1","0.00","1.00"
"quanto custa diaria estacionamento aeroporto guarulhos","GRU","preco","preco","0","75","0.00","32.87"
"quanto custa dormir no aeroporto de guarulhos","GRU","preco","preco","0","1","0.00","3.00"
"quanto custa estacionamento aeroporto guarulhos","GRU","preco","preco","0","85","0.00","27.21"
"quanto custa estacionamento aeroporto viracopos","VCP","preco","preco","0","55","0.00","4.67"
"quanto custa estacionamento do aeroporto de guarulhos","GRU","preco","preco","0","75","0.00","46.92"
"quanto custa estacionamento em viracopos","VCP","preco","preco","0","13","0.00","10.54"
"quanto custa estacionamento no aeroporto de confins","CNF","preco","preco","0","11","0.00","2.00"
"quanto custa estacionar em viracopos","VCP","preco","preco","0","5","0.00","6.60"
"quanto custa estacionar no aeroporto de confins","CNF","preco","preco","0","4","0.00","4.25"
"quanto custa estacionar no aeroporto de guarulhos","GRU","preco","preco","0","143","0.00","35.55"
"quanto custa estacionar no aeroporto de viracopos","VCP","preco","preco","0","1","0.00","13.00"
"quanto custa o aeroporto de guarulhos","GRU","preco","preco","0","1","0.00","82.00"
"quanto custa o estacionamento do aeroporto de confins","CNF","preco","preco","0","27","0.00","2.11"
"quanto custa o estacionamento do aeroporto de curitiba","CWB","preco","preco","0","127","0.00","9.10"
"quanto custa o estacionamento no aeroporto de guarulhos","GRU","preco","preco","0","154","0.00","19.71"
"quanto custa o estacionamento no aeroporto de viracopos","VCP","preco","preco","0","27","0.00","8.19"
"quanto custa para deixar o carro no aeroporto de confins","CNF","preco","preco","0","12","0.00","2.75"
"quanto custa para deixar o carro no aeroporto de curitiba","CWB","preco","preco","0","56","0.00","8.05"
"quanto custa para deixar o carro no aeroporto de guarulhos","GRU","preco","preco","0","72","0.00","28.19"
"quanto custa para deixar o carro no aeroporto de viracopos","VCP","preco","preco","0","1","0.00","1.00"
"quanto custa para estacionar no aeroporto de guarulhos","GRU","preco","preco","0","43","0.00","41.77"
"quanto fica para deixar o carro no aeroporto de guarulhos","GRU","preco","preco","0","1","0.00","1.00"
"quanto é a diaria do estacionamento do aeroporto de guarulhos","GRU","preco","preco","0","114","0.00","19.96"
"restaurante barato aeroporto guarulhos","GRU","barato","barato","0","1","0.00","3.00"
"restaurante perto do aeroporto de guarulhos","GRU","proximidade","proximidade","0","1","0.00","2.00"
"rodoviaria mais próximo do aeroporto de guarulhos","GRU","proximidade","proximidade","0","1","0.00","1.00"
"rodoviária dentro do aeroporto de guarulhos","GRU","proximidade","proximidade","0","2","0.00","1.00"
"shopping guarulhos perto do aeroporto","GRU","proximidade","proximidade","0","1","0.00","3.00"
"shopping internacional guarulhos distância aeroporto","GRU","proximidade","proximidade","0","4","0.00","1.50"
"shopping mais perto do aeroporto de guarulhos","GRU","proximidade","proximidade","0","2","0.00","3.00"
"shopping mais proximo do aeroporto de guarulhos","GRU","proximidade","proximidade","0","1","0.00","2.00"
"shopping perto aeroporto guarulhos","GRU","proximidade","proximidade","0","1","0.00","2.00"
"shopping perto de confins","CNF","proximidade","proximidade","0","1","0.00","1.00"
"shopping perto do aeroporto de confins","CNF","proximidade","proximidade","0","2","0.00","1.00"
"shopping perto do aeroporto de guarulhos","GRU","proximidade","proximidade","0","1","0.00","2.00"
"shopping perto do aeroporto de viracopos","VCP","proximidade","proximidade","0","1","0.00","3.00"
"shopping proximo aeroporto confins","CNF","proximidade","proximidade","0","1","0.00","1.00"
"shopping proximo aeroporto guarulhos","GRU","proximidade","proximidade","0","1","0.00","2.00"
"shopping próximo ao aeroporto de confins","CNF","proximidade","proximidade","0","1","0.00","1.00"
"shopping próximo ao aeroporto de guarulhos","GRU","proximidade","proximidade","0","3","0.00","2.00"
"tabela estacionamento aeroporto guarulhos","GRU","preco","preco","0","39","0.00","42.15"
"tabela tarifas estacionamento oficial gru airport 2026","GRU","preco","preco","0","1","0.00","8.00"
"tabela tarifas estacionamento oficial gru indigo 2026","GRU","preco","preco","0","1","0.00","10.00"
"tarifa estacionamento aeroporto guarulhos","GRU","preco","preco","0","67","0.00","35.84"
"tarifa gru airport","GRU","preco","preco","0","1","0.00","5.00"
"taxa gru valor","GRU","preco","preco","0","1","0.00","1.00"
"telefone do estacionamento dentro do aeroporto de confins","CNF","proximidade","proximidade","0","4","0.00","85.50"
"tem hotel dentro do aeroporto de campinas","VCP","proximidade","proximidade","0","2","0.00","2.50"
"tem hotel dentro do aeroporto de confins","CNF","proximidade","proximidade","0","2","0.00","15.50"
"tem hotel dentro do aeroporto de guarulhos","GRU","proximidade","proximidade","0","6","0.00","2.67"
"tem hotel dentro do aeroporto de guarulhos?","GRU","proximidade","proximidade","0","1","0.00","3.00"
"tem hotel dentro do aeroporto de viracopos","VCP","proximidade","proximidade","0","5","0.00","2.00"
"tem shopping perto do aeroporto de guarulhos","GRU","proximidade","proximidade","0","2","0.00","2.00"
"tenho medo de deixar meu carro estacionado por muitos dias perto do aeroporto de guarulhos, é seguro?","GRU","proximidade","proximidade","0","1","0.00","7.00"
"táxi aeroporto confins preço","CNF","preco","preco","0","1","0.00","1.00"
"táxi aeroporto guarulhos preço","GRU","preco","preco","0","1","0.00","1.00"
"táxi aeroporto guarulhos preço fixo","GRU","preco","preco","0","6","0.00","1.00"
"uber aeroporto guarulhos preço fixo","GRU","preco","preco","0","5","0.00","1.00"
"valor aeroporto guarulhos","GRU","preco","preco","0","10","0.00","6.80"
"valor da diaria aeroporto de guarulhos","GRU","preco","preco","0","9","0.00","13.00"
"valor da diaria de estacionamento no aeroporto de guarulhos","GRU","preco","preco","0","52","0.00","35.13"
"valor da diaria do estacionamento no aeroporto de guarulhos","GRU","preco","preco","0","15","0.00","3.47"
"valor da diaria estacionamento viracopos","VCP","preco","preco","0","28","0.00","10.50"
"valor da diaria no aeroporto de guarulhos sp","GRU","preco","preco","0","30","0.00","50.30"
"valor da diaria no estacionamento do aeroporto de confins","CNF","preco","preco","0","52","0.00","8.19"
"valor da diária do estacionamento do aeroporto de guarulhos","GRU","preco","preco","0","91","0.00","26.55"
"valor da passagem de avião de belo horizonte para são paulo","CNF","preco","preco","0","1","0.00","3.00"
"valor da taxa gru","GRU","preco","preco","0","1","0.00","1.00"
"valor de estacionamento aeroporto curitiba","CWB","preco","preco","0","1","0.00","11.00"
"valor de estacionamento aeroporto guarulhos","GRU","preco","preco","0","17","0.00","54.65"
"valor de estacionamento no aeroporto de confins","CNF","preco","preco","0","36","0.00","5.86"
"valor de estacionamento no aeroporto de guarulhos","GRU","preco","preco","0","157","0.00","29.05"
"valor de estacionamento no aeroporto de viracopos","VCP","preco","preco","0","140","0.00","7.86"
"valor diaria aeroporto confins","CNF","preco","preco","0","16","0.00","6.50"
"valor diaria aeroporto guarulhos","GRU","preco","preco","0","184","0.00","17.09"
"valor diaria estacionamento aeroporto confins","CNF","preco","preco","0","2","0.00","1.00"
"valor diaria estacionamento aeroporto guarulhos","GRU","preco","preco","0","395","0.00","30.69"
"valor diaria estacionamento guarulhos","GRU","preco","preco","0","2","0.00","13.00"
"valor diária estacionamento aeroporto guarulhos 2026","GRU","preco","preco","0","35","0.00","43.34"
"valor diária estacionamento aeroporto confins","CNF","preco","preco","0","46","0.00","6.61"
"valor diária estacionamento aeroporto guarulhos","GRU","preco","preco","0","36","0.00","14.75"
"valor do estacionamento aeroporto curitiba","CWB","preco","preco","0","2","0.00","11.00"
"valor do estacionamento aeroporto de guarulhos","GRU","preco","preco","0","259","0.00","38.35"
"valor do estacionamento aeroporto de viracopos","VCP","preco","preco","0","19","0.00","11.89"
"valor do estacionamento aeroporto guarulhos","GRU","preco","preco","0","64","0.00","30.89"
"valor do estacionamento aeroporto viracopos","VCP","preco","preco","0","283","0.00","8.27"
"valor do estacionamento de guarulhos","GRU","preco","preco","0","58","0.00","25.98"
"valor do estacionamento dentro do aeroporto de guarulhos","GRU","proximidade","proximidade preco","0","97","0.00","35.60"
"valor do estacionamento do aeroporto de confins","CNF","preco","preco","0","59","0.00","15.14"
"valor do estacionamento do aeroporto de guarulhos por hora","GRU","preco","preco","0","5","0.00","5.00"
"valor do estacionamento do aeroporto de guarulhos terminal 2","GRU","preco","preco","0","1","0.00","59.00"
"valor do estacionamento do aeroporto de guarulhos terminal 3","GRU","preco","preco","0","24","0.00","48.00"
"valor do estacionamento do aeroporto guarulhos","GRU","preco","preco","0","3","0.00","1.00"
"valor do estacionamento em guarulhos","GRU","preco","preco","0","111","0.00","37.57"
"valor do estacionamento em guarulhos aeroporto","GRU","preco","preco","0","2","0.00","7.00"
"valor do estacionamento em viracopos","VCP","preco","preco","0","275","0.00","8.62"
"valor do estacionamento no aeroporto de campinas","VCP","preco","preco","0","7","0.00","2.29"
"valor do estacionamento no aeroporto de confins","CNF","preco","preco","0","200","0.00","8.85"
"valor do estacionamento no aeroporto de guarulhos","GRU","preco","preco","0","467","0.00","14.81"
"valor do estacionamento viracopos","VCP","preco","preco","0","228","0.00","9.34"
"valor edificio garagem viracopos","VCP","preco","preco","0","4","0.00","10.75"
"valor estacionamento aeroporto de confins","CNF","preco","preco","0","10","0.00","15.50"
"valor estacionamento aeroporto de guarulhos","GRU","preco","preco","0","118","0.00","25.69"
"valor estacionamento aeroporto de viracopos","VCP","preco","preco","0","4","0.00","6.00"
"valor estacionamento aeroporto gru","GRU","preco","preco","0","2","0.00","1.00"
"valor estacionamento aeroporto guarulhos gru 2026","GRU","preco","preco","0","21","0.00","13.33"
"valor estacionamento aeroporto guarulhos terminal 2 por hora","GRU","preco","preco","0","2","0.00","2.00"
"valor estacionamento aeroporto guarulhos terminal 3","GRU","preco","preco","0","183","0.00","23.38"
"valor estacionamento confins","CNF","preco","preco","0","12","0.00","3.58"
"valor estacionamento do aeroporto de guarulhos","GRU","preco","preco","0","14","0.00","3.21"
"valor estacionamento gru","GRU","preco","preco","0","66","0.00","31.14"
"valor estacionamento gru terminal 2","GRU","preco","preco","0","2","0.00","1.50"
"valor estacionamento gru terminal 3","GRU","preco","preco","0","30","0.00","47.70"
"valor estacionamento guarulhos","GRU","preco","preco","0","161","0.00","24.47"
"valor estacionamento guarulhos aeroporto","GRU","preco","preco","0","67","0.00","43.19"
"valor estacionamento guarulhos terminal 3","GRU","preco","preco","0","5","0.00","1.00"
"valor estacionamento ibis confins","CNF","preco","preco","0","3","0.00","28.33"
"valor estacionamento no aeroporto de guarulhos","GRU","preco","preco","0","694","0.00","44.72"
"valor estacionamento rodoferroviária curitiba","CWB","preco","preco","0","5","0.00","1.00"
"valor estacionamento rodoviária campinas","VCP","preco","preco","0","2","0.00","68.00"
"valor estacionamento rodoviária curitiba","CWB","preco","preco","0","4","0.00","24.00"
"valor estacionamento sesc guarulhos","GRU","preco","preco","0","1","0.00","13.00"
"valor estacionamento shopping estação curitiba","CWB","preco","preco","0","1","0.00","1.00"
"valor estacionamento terminal 2 guarulhos","GRU","preco","preco","0","6","0.00","1.00"
"valor estacionamento terminal 3 guarulhos","GRU","preco","preco","0","37","0.00","34.35"
"valor estacionamento viracopos diaria","VCP","preco","preco","0","123","0.00","10.75"
"valor hora estacionamento aeroporto guarulhos","GRU","preco","preco","0","7","0.00","1.00"
"valor para deixar o carro no aeroporto de curitiba","CWB","preco","preco","0","3","0.00","1.00"
"valor para deixar o carro no aeroporto de guarulhos","GRU","preco","preco","0","65","0.00","47.55"
"valor para estacionar no aeroporto de guarulhos","GRU","preco","preco","0","1","0.00","1.00"
"valores de estacionamento no aeroporto de guarulhos","GRU","preco","preco","0","77","0.00","32.96"
"valores estacionamento aeroporto confins","CNF","preco","preco","0","16","0.00","4.00"
"valores estacionamento aeroporto guarulhos","GRU","preco","preco","0","127","0.00","22.41"
