url_from,url_to_original,url_to_resolvida,status,count
estacionamento/estacionamento-aeroporto-afonso-pena/,733,https://movepark.co/estacionamentos/aeroporto-afonso-pena/,301,540
estacionamento/virapark-aeroporto-viracopos/,689,https://movepark.co/estacionamentos/aeroporto-viracopos/virapark-estacionamento-viracopos/,301,675
estacionamento-aeroporto-viracopos/virapark/,689,https://movepark.co/estacionamentos/aeroporto-viracopos/virapark-estacionamento-viracopos/,301,308
aeroporto-guarulhos/estacionamento-proximo-do-aeroporto-guarulhos-as-melhores-opcoes,193,https://movepark.co/blog/estacionamento-proximo-do-aeroporto-guarulhos-as-melhores-opcoes/,301,1156
politicia-de-privacidade-old/,469,https://movepark.co/politica-de-privacidade/,301,132
blog/campinas/,744,https://movepark.co/estacionamentos/aeroporto-viracopos/,301,555
blog/viracopos/,744,https://movepark.co/estacionamentos/aeroporto-viracopos/,301,372
blog/guarulhos/,742,https://movepark.co/estacionamentos/aeroporto-guarulhos/,301,493
blog/aeroporto-viracopos/,744,https://movepark.co/estacionamentos/aeroporto-viracopos/,301,404
blog/aeroporto-guarulhos/,742,https://movepark.co/estacionamentos/aeroporto-guarulhos/,301,481
estacionamento/aeroporto-viracopos-garageinn/,694,https://movepark.co/estacionamentos/aeroporto-viracopos/garage-inn-aeroporto-viracopos/,301,33
guarulhos,742,https://movepark.co/estacionamentos/aeroporto-guarulhos/,301,136
campinas,744,https://movepark.co/estacionamentos/aeroporto-viracopos/,301,685
afonso-pena,733,https://movepark.co/estacionamentos/aeroporto-afonso-pena/,301,1
qual-e-o-melhor-estacionamento-aeroporto-viracopos-2022/,358,https://movepark.co/blog/qual-e-o-melhor-estacionamento-aeroporto-viracopos-2022/,301,226
estacionamento-perto-do-aeroporto-de-guarulhos-reserve-online/,572,https://movepark.co/blog/estacionamento-perto-do-aeroporto-de-guarulhos-reserve-online/,301,24
blog/categoria/aeroporto-viracopos/,744,https://movepark.co/estacionamentos/aeroporto-viracopos/,301,0
estacionamento-aeroporto-guarulhos-veja-o-preco-dos-principais-estacionamentos/,446,https://movepark.co/blog/estacionamento-aeroporto-guarulhos-veja-o-preco-dos-principais-estacionamentos/,301,142
encontre-sua-vaga-de-estacionamento-no-aeroporto-de-guarulhos/,420,https://movepark.co/blog/encontre-sua-vaga-de-estacionamento-no-aeroporto-de-guarulhos/,301,18
como-evitar-problemas-no-estacionamento-do-aeroporto-guarulhos/,514,https://movepark.co/blog/como-evitar-problemas-no-estacionamento-do-aeroporto-guarulhos/,301,20
quanto-custa-para-estacionar-no-aeroporto-viracopos/,355,https://movepark.co/blog/quanto-custa-para-estacionar-no-aeroporto-viracopos/,301,137
qual-e-o-melhor-estacionamento-aeroporto-guarulhos-2023/,404,https://movepark.co/blog/qual-e-o-melhor-estacionamento-aeroporto-guarulhos-2023/,301,149
estacionamento-proximo-do-aeroporto-guarulhos-as-melhores-opcoes/,193,https://movepark.co/blog/estacionamento-proximo-do-aeroporto-guarulhos-as-melhores-opcoes/,301,359
conheca-os-5-principais-estacionamentos-no-aeroporto-de-guarulhos-em-2023/,452,https://movepark.co/blog/conheca-os-5-principais-estacionamentos-no-aeroporto-de-guarulhos-em-2023/,301,124
estacionamento/estacionamento-aeroporto-congonhas/,96,https://movepark.co/estacionamentos/,301,416
estacionamento/aeroporto-viracopos-garageinn,694,https://movepark.co/estacionamentos/aeroporto-viracopos/garage-inn-aeroporto-viracopos/,301,1018
estacionamento-aeroporto-guarulhos/ponce-park-guarulhos/,695,"ANOMALIA: post existe (publish, slug ponce-park-estacionamento-aeroporto-guarulhos), mas o permalink dele hoje redireciona (301) para /estacionamentos/aeroporto-navegantes/prime-estacionamento-aeroporto-navegantes/ (aeroporto e empresa errados). Maior tráfego da tabela (110196+688 hits). Mapear manualmente para a unidade certa (Ponce Park / Guarulhos) no Hub, não confiar no redirect ao vivo.",301,688
estacionamento/virapark-estacionamento-viracopos/,689,https://movepark.co/estacionamentos/aeroporto-viracopos/virapark-estacionamento-viracopos/,301,3595
estacionamento/ponce-park-guarulhos/,695,"ANOMALIA: post existe (publish, slug ponce-park-estacionamento-aeroporto-guarulhos), mas o permalink dele hoje redireciona (301) para /estacionamentos/aeroporto-navegantes/prime-estacionamento-aeroporto-navegantes/ (aeroporto e empresa errados). Maior tráfego da tabela (110196+688 hits). Mapear manualmente para a unidade certa (Ponce Park / Guarulhos) no Hub, não confiar no redirect ao vivo.",301,110196
estacionamento/garage-inn-aeroporto-viracopos/,694,https://movepark.co/estacionamentos/aeroporto-viracopos/garage-inn-aeroporto-viracopos/,301,7986
estacionamento/nation-park-aeroporto-afonso-pena/,696,https://movepark.co/estacionamentos/aeroporto-afonso-pena/estacionamento-aeroporto-afonso-pena-curitiba/,301,2773
estacionamentos/afonso-pena/,733,https://movepark.co/estacionamentos/aeroporto-afonso-pena/,301,1107
estacionamentos/campinas/,744,https://movepark.co/estacionamentos/aeroporto-viracopos/,301,1764
estacionamentos/guarulhos/,742,https://movepark.co/estacionamentos/aeroporto-guarulhos/,301,1067
estacionamento-aeroporto-guarulhos/,https://movepark.co/estacionamentos/aeroporto-guarulhos/,https://movepark.co/estacionamentos/aeroporto-guarulhos/,301,170
estacionamento-aeroporto-viracopos/,https://movepark.co/estacionamentos/aeroporto-viracopos/,https://movepark.co/estacionamentos/aeroporto-viracopos/,301,175
estacionamento-aeroporto-afonso-pena/,https://movepark.co/estacionamentos/aeroporto-afonso-pena/,https://movepark.co/estacionamentos/aeroporto-afonso-pena/,301,1
estacionamento-aeroporto-congonhas/,https://movepark.co/estacionamentos/aeroporto-congonhas/,https://movepark.co/estacionamentos/aeroporto-congonhas/,301,1
estacionamento-aeroporto-confins/,https://movepark.co/estacionamentos/aeroporto-confins/,https://movepark.co/estacionamentos/aeroporto-confins/,301,1
blog/ponce-park-descubra-se-o-estacionamento-aeroporto-gru-oferece-vagas-cobertas/,1013,https://movepark.co/blog/aeropark-descubra-se-o-estacionamento-aeroporto-gru-oferece-vagas-cobertas/,301,296
